ship_name,weapon_count,pilot_weapon_count,turret_weapon_count,weapon_sizes,pilot_weapon_sizes,max_weapon_size,shield_count,shield_sizes,max_shield_size,power_plant_count,max_power_size,cooler_count,max_cooler_size,qd_count,max_qd_size
AEGS_GLADIUS,4,3,0,"3,3,3,0","3,3,3",3,2,"1,1",1,1,1,0,0,1,1
KRIG_L22_ALPHAWOLF,3,2,0,"4,4,0","4,4",4,0,,0,0,0,0,0,0,0
ESPR_TALON,3,2,0,"4,4,0","4,4",4,2,"1,1",1,1,1,2,1,1,1
ANVL_TERRAPIN,3,0,1,"3,0,0",,3,0,,0,0,0,0,0,0,0
EAOBJECTIVEDESTRUCTABLE_MININGLASER,0,0,0,,,0,1,1,1,1,3,1,1,0,0
RSI_MANTIS,2,2,0,"3,3","3,3",3,0,,0,0,0,0,0,0,0
AEGS_SABRE,7,4,0,"3,3,3,3,0,0,0","3,3,3,3",3,2,"1,1",1,2,1,2,1,1,1
ORIG_890JUMP,8,0,4,"0,0,0,0,0,0,0,0",,0,2,"4,4",4,1,4,2,4,1,4
MISC_RAZOR,4,2,0,"2,2,0,0","2,2",2,0,,0,0,0,0,0,0,0
ANVL_CARRACK,10,0,8,"0,0,0,0,0,0,0,0,0,0",,0,0,,0,0,0,0,0,0,0
CRUS_SPIRIT_C1,4,2,2,"3,3,3,0","3,3",3,0,,0,0,0,0,0,0,0
CRUS_SPIRIT_A1,4,2,2,"3,3,3,0","3,3",3,0,,0,0,0,0,0,0,0
DRAK_CUTLASS_BLACK,3,2,1,"3,3,0","3,3",3,0,,0,0,0,0,0,0,0
DRAK_CUTLASS_STEEL,3,2,1,"3,3,0","3,3",3,0,,0,0,0,0,0,0,0
DRAK_CUTLASS_BLUE,3,2,1,"3,3,0","3,3",3,0,,0,0,0,0,0,0,0
DRAK_CUTLASS_RED,1,0,1,4,,4,0,,0,0,0,0,0,0,0
ARGO_MOLE,5,2,0,"2,2,0,0,0","2,2",2,1,3,3,1,3,1,3,1,2
ORIG_X1,1,0,0,0,,0,0,,0,0,0,0,0,0,0
MISC_STARFARER_GEMINI,5,0,1,"0,0,0,0,0",,0,3,"3,3,3",3,2,3,2,3,1,3
MISC_STARFARER,5,0,1,"0,0,0,0,0",,0,3,"3,3,3",3,2,3,2,3,1,3
VNCL_BLADE,4,4,0,"3,3,2,2","3,3,2,2",3,2,"1,1",1,1,1,2,1,1,1
ANVL_LIGHTNING_F8,11,6,1,"5,4,4,3,3,3,3,0,0,0,0","3,3,4,4,3,3",5,2,"2,2",2,1,2,2,1,1,1
DRAK_HERALD,3,3,0,"3,2,2","3,2,2",3,0,,0,0,0,0,0,0,0
ORIG_85X,5,2,3,"3,1,1,0,0","1,1",3,1,1,1,0,0,2,1,1,1
XNAA_SANTOKYAI,10,4,0,"3,3,3,3,0,0,0,0,0,0","3,3,3,3",3,0,,0,0,0,0,0,0,0
RSI_SCORPIUS,5,4,0,"3,3,3,3,0","3,3,3,3",3,1,2,2,2,1,2,1,1,1
CNOU_NOMAD,6,3,1,"3,3,3,0,0,0","3,3,3",3,3,"1,1,1",1,0,0,0,0,1,1
XIAN_SCOUT,2,2,0,"4,4","4,4",4,2,"1,1",1,1,1,2,1,1,1
RSI_PERSEUS,5,0,5,"3,3,0,0,0",,3,0,,0,0,0,0,0,0,0
VNCL_GLAIVE,4,0,0,"0,0,0,0",,0,2,"1,1",1,1,1,2,1,1,1
MISC_HULL_C,8,0,7,"5,0,0,0,0,0,0,0",,5,4,"3,3,3,3",3,2,3,2,3,1,3
RSI_SALVATION,4,2,0,"1,1,0,0","1,1",1,0,,0,0,0,0,0,0,0
MISC_HULL_A,2,0,1,"5,0",,5,1,2,2,1,1,2,1,1,1
DRAK_GOLEM_OX,5,2,1,"1,1,0,0,0","1,1",1,0,,0,0,0,0,0,0,0
DRAK_GOLEM,4,2,0,"1,1,0,0","1,1",1,0,,0,0,0,0,0,0,0
ANVL_C8R_PISCES,6,2,1,"1,1,0,0,0,0","1,1",1,1,1,1,1,1,1,1,0,0
ANVL_C8_PISCES,6,2,1,"1,1,0,0,0,0","1,1",1,1,1,1,1,1,1,1,1,1
ANVL_C8X_PISCES_EXPEDITION,8,4,1,"1,1,1,1,0,0,0,0","1,1,1,1",1,1,1,1,1,1,1,1,1,1
XIAN_NOX,2,2,0,"1,1","1,1",1,0,,0,0,0,0,0,0,0
KRIG_P52_MERLIN,3,2,0,"1,1,0","1,1",1,1,1,1,1,1,2,1,0,0
KRIG_P72_ARCHIMEDES,4,4,0,"1,1,1,1","1,1,1,1",1,1,1,1,1,1,2,1,0,0
CRUS_STARLIFTER_C2,2,2,0,"5,5","5,5",5,0,,0,0,0,2,3,1,3
ORIG_400I,3,2,0,"4,4,0","4,4",4,1,3,3,2,2,2,2,1,2
ANVL_HAWK,7,6,0,"2,2,2,2,1,1,0","1,1,2,2,2,2",2,2,"1,1",1,1,1,2,1,1,1
MRAI_GUARDIAN,3,2,0,"5,5,0","5,5",5,0,,0,0,0,0,0,0,0
ARGO_SRV,1,0,0,0,,0,1,2,2,1,2,1,2,1,2
GLSN_SHIV,5,4,1,"3,3,3,3,0","3,3,3,3",3,0,,0,0,0,0,0,0,0
RSI_ZEUS_ES,5,4,1,"4,4,3,3,3","4,4,3,3",4,4,"2,2,2,2",2,0,0,0,0,0,0
ANVL_ARROW,4,2,0,"3,3,0,0","3,3",3,1,1,1,1,1,2,1,1,1
AEGS_RETALIATOR,10,0,10,"0,0,0,0,0,0,0,0,0,0",,0,6,"2,2,2,2,2,2",2,2,2,2,2,1,2
VNCL_STINGER,8,7,1,"5,4,4,4,4,2,2,0","4,4,2,4,2,4,5",5,0,,0,0,0,0,0,0,0
RSI_CONSTELLATION_TAURUS,12,4,3,"5,5,5,5,0,0,0,0,0,0,0,0","5,5,5,5",5,1,3,3,2,2,2,2,1,2
RSI_CONSTELLATION_PHOENIX,12,4,3,"5,5,5,5,0,0,0,0,0,0,0,0","5,5,5,5",5,1,3,3,2,2,2,2,1,2
RSI_CONSTELLATION_AQUILA,10,4,3,"5,5,5,5,0,0,0,0,0,0","5,5,5,5",5,1,3,3,2,2,2,2,1,2
RSI_CONSTELLATION_ANDROMEDA,12,4,3,"5,5,5,5,0,0,0,0,0,0,0,0","5,5,5,5",5,1,3,3,2,2,2,2,1,2
AEGS_JAVELIN,56,0,30,"0,0,0,0,0,0,0,0,0,0,0,0,0,0,0,0,0,0,0,0,0,0,0,0,0,0,0,0,0,0,0,0,0,0,0,0,0,0,0,0,0,0,0,0,0,0,0,0,0,0,0,0,0,0,0,0",,0,4,"4,4,4,4",4,4,4,4,4,1,4
MRAI_PULSE,2,0,0,"0,0",,0,0,,0,0,0,0,0,0,0
MISC_FREELANCER_MAX,9,0,1,"0,0,0,0,0,0,0,0,0",,0,3,"2,2,2",2,2,2,2,2,1,2
MISC_FREELANCER_MIS,11,0,1,"0,0,0,0,0,0,0,0,0,0,0",,0,3,"2,2,2",2,2,2,2,2,1,2
MISC_FREELANCER,9,0,1,"0,0,0,0,0,0,0,0,0",,0,3,"2,2,2",2,2,2,2,2,1,2
MISC_FREELANCER_DUR,9,0,1,"0,0,0,0,0,0,0,0,0",,0,3,"2,2,2",2,2,2,2,2,1,2
ORIG_100I,3,2,0,"3,3,0","3,3",3,1,1,1,1,1,2,1,1,1
ORIG_125A,4,2,0,"3,3,0,0","3,3",3,1,1,1,1,1,2,1,1,1
ORIG_135C,3,2,0,"3,3,0","3,3",3,1,1,1,1,1,2,1,1,1
MISC_FORTUNE,2,2,0,"1,1","1,1",1,0,,0,1,2,1,2,1,1
DRAK_BUCCANEER,0,0,0,,,0,1,1,1,1,1,2,1,1,1
ANVL_PALADIN,4,0,4,"5,5,5,5",,5,4,"1,3,1,1",3,3,2,3,2,2,2
AEGS_HAMMERHEAD,24,24,0,"4,4,4,4,4,4,4,4,4,4,4,4,4,4,4,4,4,4,4,4,4,4,4,4","4,4,4,4,4,4,4,4,4,4,4,4,4,4,4,4,4,4,4,4,4,4,4,4",4,2,"3,3",3,2,3,2,3,1,3
ARGO_MPUV,0,0,0,,,0,1,1,1,0,0,0,0,0,0
ARGO_MPUV_TRANSPORT,0,0,0,,,0,1,1,1,0,0,0,0,0,0
ARGO_MPUV_1T,1,0,1,0,,0,1,1,1,0,0,0,0,0,0
AEGS_REDEEMER,15,2,12,"4,4,0,0,0,0,0,0,0,0,0,0,0,0,0","4,4",4,6,"2,2,2,2,2,2",2,2,3,1,3,1,2
KRIG_L21_WOLF,3,2,0,"4,4,0","4,4",4,0,,0,0,0,0,0,0,0
ARGO_RAFT,2,2,0,"1,1","1,1",1,1,2,2,0,0,0,0,0,0
ORIG_350R,11,3,0,"3,3,3,0,0,0,0,0,0,0,0","3,3,3",3,2,"1,1",1,0,0,2,1,1,1
ORIG_325A,12,3,0,"4,3,3,0,0,0,0,0,0,0,0,0","4,3,3",4,2,"1,1",1,1,1,2,1,1,1
ORIG_315P,10,2,0,"3,3,0,0,0,0,0,0,0,0","3,3",3,2,"1,1",1,0,0,2,1,1,1
ORIG_300I,12,3,0,"3,3,3,0,0,0,0,0,0,0,0,0","3,3,3",3,2,"1,1",1,1,1,2,1,1,1
ANVL_ASGARD,12,6,6,"4,4,3,3,3,3,3,0,0,0,0,0","4,4,3,3,3,3",4,4,"2,2,2,2",2,2,2,0,0,1,2
AEGS_AVENGER_WARLOCK,6,3,0,"4,3,3,0,0,0","4,3,3",4,2,"1,1",1,1,1,2,1,1,1
AEGS_AVENGER_TITAN,5,3,0,"4,3,3,0,0","4,3,3",4,2,"1,1",1,1,1,2,1,1,1
AEGS_AVENGER_STALKER,5,3,0,"4,3,3,0,0","4,3,3",4,2,"1,1",1,1,1,2,1,1,1
ANVL_HORNET_F7C,0,0,0,,,0,2,"1,1",1,1,1,2,1,1,1
ANVL_HORNET_F7CM,4,2,2,"5,3,3,3","3,3",5,2,"1,1",1,1,1,2,1,1,1
ANVL_HORNET_F7CS,0,0,0,,,0,2,"1,1",1,1,1,2,1,1,1
ANVL_HORNET_F7CR,0,0,0,,,0,2,"1,1",1,1,1,2,1,1,1
DRAK_CORSAIR,12,8,0,"5,5,2,2,2,2,2,2,0,0,0,0","2,2,2,2,5,5,2,2",5,0,,0,0,0,0,0,0,0
RSI_APOLLO_TRIAGE,5,4,1,"4,4,3,3,0","4,4,3,3",4,0,,0,0,0,0,0,0,0
RSI_APOLLO_MEDIVAC,5,4,1,"4,4,3,3,0","4,4,3,3",4,0,,0,0,0,0,0,0,0
ESPR_PROWLER,21,4,0,"5,5,5,3,3,0,0,0,0,0,0,0,0,0,0,0,0,0,0,0,0","5,5,3,3",5,2,"2,2",2,1,2,2,2,1,2
DRAK_CLIPPER,4,4,0,"3,3,3,3","3,3,3,3",3,0,,0,0,0,0,0,0,0
ORBITAL_SENTRY_PROTOTYPE_A_PU_HOS,1,0,1,0,,0,1,3,3,1,3,1,3,0,0
ORBITAL_SENTRY_PU_NINETAILS,1,0,1,0,,0,1,2,2,1,3,1,3,0,0
ORBITAL_SENTRY_PU_CRIMINAL,1,0,1,0,,0,1,2,2,1,3,1,3,0,0
ORBITAL_SENTRY_PU_UEE,1,0,1,0,,0,1,2,2,1,3,1,3,0,0
ORBITAL_SENTRY_SECURITYNETWORK,1,0,1,0,,0,1,2,2,1,3,1,3,0,0
RSI_METEOR,6,6,0,"5,5,5,3,3,3","3,3,3,5,5,5",5,0,,0,0,0,0,0,0,0
GAMA_SYULEN,3,3,0,"3,3,3","3,3,3",3,2,"1,1",1,1,1,1,1,1,1
RSI_POLARIS,18,0,8,"0,0,0,0,0,0,0,0,0,0,0,0,0,0,0,0,0,0",,0,1,4,4,2,4,1,4,1,3
DRAK_CUTTER,3,2,0,"2,2,0","2,2",2,1,1,1,1,1,1,1,1,1
DRAK_CUTTER_RAMBLER,4,2,0,"2,2,0,0","2,2",2,1,1,1,1,1,1,1,1,1
DRAK_CUTTER_SCOUT,3,2,0,"2,2,0","2,2",2,1,1,1,1,2,1,2,1,1
ORIG_M50,4,2,0,"2,2,0,0","2,2",2,1,1,1,1,1,2,1,1,1
CRUS_STAR_RUNNER,6,4,2,"3,3,3,3,0,0","3,3,3,3",3,0,,0,0,0,0,0,0,0
RSI_AURORA_LN,4,4,0,"1,1,1,1","1,1,1,1",1,0,,0,0,0,0,0,0,0
RSI_AURORA_ES,4,4,0,"1,1,1,1","1,1,1,1",1,0,,0,0,0,0,0,0,0
RSI_AURORA_MR,4,4,0,"1,1,1,1","1,1,1,1",1,0,,0,0,0,0,0,0,0
RSI_AURORA_LX,4,4,0,"1,1,1,1","1,1,1,1",1,0,,0,0,0,0,0,0,0
RSI_AURORA_CL,4,4,0,"1,1,1,1","1,1,1,1",1,0,,0,0,0,0,0,0,0
AEGS_ECLIPSE,2,2,0,"2,2","2,2",2,2,"1,1",1,1,1,2,1,1,1
ANVL_HURRICANE,7,6,1,"4,4,3,3,3,3,0","4,4,3,3,3,3",4,1,2,2,2,1,2,1,1,1
MISC_FURY_LX,0,0,0,,,0,1,1,1,1,1,2,1,0,0
MISC_FURY,4,4,0,"2,2,2,2","2,2,2,2",2,1,1,1,1,1,2,1,0,0
MISC_FURY_MIRU,8,0,0,"0,0,0,0,0,0,0,0",,0,1,1,1,1,1,2,1,0,0
ORIG_600I,5,3,0,"5,5,5,0,0","5,5,5",5,2,"3,3",3,1,3,2,3,1,2
MISC_RELIANT,5,0,0,"0,0,0,0,0",,0,2,"1,1",1,1,1,2,1,1,1
AEGS_RECLAIMER,6,0,4,"0,0,0,0,0,0",,0,1,4,4,1,4,1,4,1,3
BANU_DEFENDER,5,4,0,"3,3,3,3,0","3,3,3,3",3,1,2,2,2,1,2,1,1,1
MISC_PROSPECTOR,2,2,0,"1,1","1,1",1,3,"1,1,1",1,1,2,1,2,1,1
CNOU_MUSTANG_GAMMA,3,2,0,"1,1,0","1,1",1,2,"1,1",1,1,1,2,1,1,1
CNOU_MUSTANG_ALPHA,3,0,1,"3,0,0",,3,2,"1,1",1,1,1,2,1,1,1
CNOU_MUSTANG_BETA,3,0,0,"0,0,0",,0,2,"1,1",1,1,1,2,1,1,1
CNOU_MUSTANG_DELTA,3,2,1,"3,2,2","2,2",3,2,"1,1",1,1,1,2,1,1,1
CNOU_MUSTANG_OMEGA,3,2,0,"1,1,0","1,1",1,2,"1,1",1,1,1,2,1,1,1
CRUS_STARFIGHTER_ION,2,0,0,"0,0",,0,2,"2,2",2,2,2,3,2,1,2
DRAK_VULTURE,3,2,0,"1,1,0","1,1",1,3,"1,1,1",1,2,1,2,1,1,1
ANVL_GLADIATOR,3,2,1,"3,3,0","3,3",3,1,2,2,1,2,2,1,1,1
DRAK_DRAGONFLY,2,0,0,"0,0",,0,0,,0,0,0,0,0,0,0
CRUS_INTREPID,1,1,0,4,4,4,1,1,1,1,1,1,1,1,1
VNCL_SCYTHE,4,0,0,"0,0,0,0",,0,2,"1,1",1,1,1,2,1,1,1
AEGS_VANGUARD,12,1,2,"5,0,0,0,0,0,0,0,0,0,0,0",5,5,2,"2,2",2,1,2,2,2,1,2
AEGS_VANGUARD_HARBINGER,13,1,2,"5,0,0,0,0,0,0,0,0,0,0,0,0",5,5,2,"2,2",2,1,2,2,2,1,2
AEGS_VANGUARD_HOPLITE,10,1,2,"5,0,0,0,0,0,0,0,0,0",5,5,2,"2,2",2,1,2,2,2,1,2
DRAK_CATERPILLAR,11,7,2,"5,4,4,4,4,3,3,0,0,0,0","3,3,5,4,4,4,4",5,3,"3,3,3",3,3,3,2,3,1,3
ANVL_VALKYRIE,35,2,11,"3,3,3,0,0,0,0,0,0,0,0,0,0,0,0,0,0,0,0,0,0,0,0,0,0,0,0,0,0,0,0,0,0,0,0","3,3",3,4,"2,2,2,2",2,2,2,2,2,1,2
AEGS_GLADIUS_DUNLEVY,4,3,0,"3,3,3,0","3,3,3",3,0,,0,0,0,0,0,1,1
AEGS_GLADIUS_PIR,4,3,0,"3,3,3,0","3,3,3",3,2,"1,1",1,1,1,0,0,1,1
AEGS_GLADIUS_VALIANT,4,3,0,"3,3,3,0","3,3,3",3,2,"1,1",1,1,1,0,0,1,1
AEGS_GLADIUS_CROCODILE,4,3,0,"3,3,3,0","3,3,3",3,2,"1,1",1,1,1,0,0,1,1
ESPR_TALON_SHRIKE,3,2,0,"2,2,0","2,2",2,2,"1,1",1,1,1,2,1,1,1
ANVL_TERRAPIN_BIS2024_TEMP,3,0,0,"0,0,0",,0,0,,0,0,0,0,0,0,0
ANVL_TERRAPIN_MEDIC,3,0,1,"3,0,0",,3,0,,0,0,0,0,0,0,0
AEGS_SABRE_RAVEN,5,2,0,"3,3,0,0,0","3,3",3,2,"1,1",1,2,1,2,1,1,1
AEGS_SABRE_FIREBIRD,4,2,0,"3,3,0,0","3,3",3,2,"1,1",1,2,1,2,1,1,1
AEGS_SABRE_PEREGRINE,2,0,0,"0,0",,0,2,"1,1",1,2,1,2,1,1,1
AEGS_SABRE_COMET,7,4,0,"3,3,3,3,0,0,0","3,3,3,3",3,2,"1,1",1,2,1,2,1,1,1
ORIG_890JUMP_DRUG_01,8,0,4,"0,0,0,0,0,0,0,0",,0,2,"4,4",4,1,4,2,4,1,4
ORIG_890JUMP_HIJACKED,8,0,4,"0,0,0,0,0,0,0,0",,0,2,"4,4",4,1,4,2,4,1,4
MISC_RAZOR_LX,4,2,0,"2,2,0,0","2,2",2,0,,0,0,0,0,0,0,0
MISC_RAZOR_EX,4,2,0,"2,2,0,0","2,2",2,1,1,1,1,1,2,1,1,1
ANVL_CARRACK_BIS2950,10,0,8,"0,0,0,0,0,0,0,0,0,0",,0,0,,0,0,0,0,0,0,0
ANVL_CARRACK_EXPEDITION,10,0,8,"0,0,0,0,0,0,0,0,0,0",,0,0,,0,0,0,0,0,0,0
CRUS_SPIRIT_C1_BIS2024_TEMP,4,2,2,"3,3,3,0","3,3",3,0,,0,0,0,0,0,0,0
CRUS_SPIRIT_C1_CIVILIAN,4,2,2,"3,3,3,0","3,3",3,0,,0,0,0,0,0,0,0
DRAK_CUTLASS_BLACK_EXEC_MILITARY,3,2,1,"3,3,0","3,3",3,0,,0,0,0,0,0,0,0
DRAK_CUTLASS_BLACK_EXEC_STEALTH,3,2,1,"3,3,0","3,3",3,0,,0,0,0,0,0,0,0
DRAK_CUTLASS_BLACK_MISSION_PIR_PACKAGE,3,2,1,"3,3,0","3,3",3,0,,0,0,0,0,0,0,0
DRAK_CUTLASS_BLACK_SHIPSHOWDOWN,3,2,1,"3,3,0","3,3",3,0,,0,0,0,0,0,0,0
DRAK_CUTLASS_BLACK_BIS2950,3,2,1,"3,3,0","3,3",3,0,,0,0,0,0,0,0,0
DRAK_CUTLASS_BLUE_BIS2950,3,2,1,"3,3,0","3,3",3,0,,0,0,0,0,0,0,0
DRAK_CUTLASS_RED_AI_MEDICALRESCUE,1,0,1,4,,4,0,,0,0,0,0,0,0,0
DRAK_CUTLASS_RED_BIS2950,1,0,1,4,,4,0,,0,0,0,0,0,0,0
AEGS_IDRIS_M,14,14,0,"6,6,5,5,5,5,5,5,5,5,5,5,5,5","6,6,5,5,5,5,5,5,5,5,5,5,5,5",6,2,"4,4",4,2,4,2,4,1,4
AEGS_IDRIS_P,16,16,0,"5,5,5,5,5,5,5,5,5,5,5,5,5,5,5,5","5,5,5,5,5,5,5,5,5,5,5,5,5,5,5,5",5,2,"4,4",4,2,4,2,4,1,4
ARGO_MOLE_TALUS,5,2,0,"2,2,0,0,0","2,2",2,1,3,3,1,3,1,3,1,2
ARGO_MOLE_CARBON,5,2,0,"2,2,0,0,0","2,2",2,1,3,3,1,3,1,3,1,2
ARGO_MOLE_TEACH,5,2,0,"2,2,0,0,0","2,2",2,1,3,3,1,3,1,3,1,2
ORIG_X1_FORCE,1,0,0,0,,0,0,,0,0,0,0,0,0,0
MISC_STARFARER_PU_AI_CIV,5,0,1,"0,0,0,0,0",,0,3,"3,3,3",3,2,3,2,3,1,3
MISC_STARFARER_TEACH,5,0,1,"0,0,0,0,0",,0,3,"3,3,3",3,2,3,2,3,1,3
MISC_STARFARER_NOINTERIOR,5,0,1,"0,0,0,0,0",,0,3,"3,3,3",3,2,3,2,3,1,3
VNCL_BLADE_SWARM,4,4,0,"3,3,2,2","3,3,2,2",3,2,"1,1",1,1,1,2,1,1,1
ANVL_LIGHTNING_F8C,11,6,1,"3,3,3,3,3,2,2,0,0,0,0","3,3,3,3,2,2",3,2,"2,2",2,1,2,2,1,1,1
ANVL_LIGHTNING_F8_FLEETWEEK,11,6,1,"5,4,4,3,3,3,3,0,0,0,0","3,3,4,4,3,3",5,2,"2,2",2,1,2,2,1,1,1
RSI_SCORPIUS_STEALTH,5,4,0,"3,3,3,3,0","3,3,3,3",3,0,,0,0,0,0,0,0,0
RSI_SCORPIUS_ANTARES,6,4,1,"3,3,3,3,0,0","3,3,3,3",3,1,2,2,3,1,2,1,1,1
CNOU_NOMAD_TEACH,6,3,1,"3,3,3,0,0,0","3,3,3",3,0,,0,0,0,0,0,1,1
MISC_STARLANCER_TAC,19,0,8,"0,0,0,0,0,0,0,0,0,0,0,0,0,0,0,0,0,0,0",,0,2,"3,3",3,1,3,1,3,1,2
MISC_STARLANCER_MAX,9,0,2,"0,0,0,0,0,0,0,0,0",,0,1,3,3,2,2,2,2,1,2
DRAK_GOLEM_TEACH,4,2,0,"1,1,0,0","1,1",1,0,,0,0,0,0,0,0,0
DRAK_GOLEM_COLLECTOR_INDUST,4,2,0,"1,1,0,0","1,1",1,0,,0,0,0,0,0,0,0
ANVL_C8R_PISCES_FW22NFZ,6,2,1,"1,1,0,0,0,0","1,1",1,1,1,1,1,1,1,1,0,0
ANVL_C8_PISCES_TUTORIAL,2,0,1,"0,0",,0,1,1,1,1,1,1,1,1,1
XIAN_NOX_KUE,2,0,0,"0,0",,0,0,,0,0,0,0,0,0,0
XIAN_NOX_COLLECTOR_MOD,2,2,0,"1,1","1,1",1,0,,0,0,0,0,0,0,0
KRIG_P72_ARCHIMEDES_EMERALD,4,4,0,"1,1,1,1","1,1,1,1",1,1,1,1,1,1,2,1,0,0
CRUS_STARLIFTER_A2,7,2,1,"5,5,0,0,0,0,0","5,5",5,0,,0,0,0,0,0,0,0
CRUS_STARLIFTER_M2,6,2,0,"5,5,0,0,0,0","5,5",5,0,,0,0,0,2,3,1,3
MRAI_GUARDIAN_QI,3,2,0,"5,5,0","5,5",5,0,,0,0,0,0,0,0,0
MRAI_GUARDIAN_MILITARY,3,2,0,"5,5,0","5,5",5,0,,0,0,0,0,0,0,0
MRAI_GUARDIAN_MX,5,4,0,"4,4,4,4,0","4,4,4,4",4,0,,0,0,0,0,0,0,0
RSI_ZEUS_CL,5,4,1,"4,4,3,3,3","4,4,3,3",4,3,"2,2,2",2,0,0,0,0,0,0
RSI_ZEUS_ES_COLLECTOR_INDUST,5,4,1,"4,4,3,3,3","4,4,3,3",4,0,,0,0,0,0,0,0,0
RSI_CONSTELLATION_TAURUS_MILITARY,12,4,3,"5,5,5,5,0,0,0,0,0,0,0,0","5,5,5,5",5,0,,0,0,0,0,0,0,0
RSI_CONSTELLATION_PHOENIX_PIANO,12,4,3,"5,5,5,5,0,0,0,0,0,0,0,0","5,5,5,5",5,1,3,3,2,2,2,2,1,2
RSI_CONSTELLATION_PHOENIX_EMERALD,12,4,3,"5,5,5,5,0,0,0,0,0,0,0,0","5,5,5,5",5,1,3,3,2,2,2,2,1,2
MRAI_PULSE_LX,1,0,0,0,,0,0,,0,0,0,0,0,0,0
MRAI_PULSE_COLLECTOR_CIV,2,0,0,"0,0",,0,0,,0,0,0,0,0,0,0
MISC_FORTUNE_COLLECTOR_INDUSTRIAL,2,2,0,"1,1","1,1",1,0,,0,0,0,0,0,0,0
MISC_FORTUNE_TEACH,2,2,0,"1,1","1,1",1,0,,0,1,2,1,2,1,1
AEGS_HAMMERHEAD_SHOWDOWN,24,24,0,"4,4,4,4,4,4,4,4,4,4,4,4,4,4,4,4,4,4,4,4,4,4,4,4","4,4,4,4,4,4,4,4,4,4,4,4,4,4,4,4,4,4,4,4,4,4,4,4",4,2,"3,3",3,2,3,2,3,1,3
KRIG_L21_WOLF_COLLECTOR_STEALTH,3,2,0,"4,4,0","4,4",4,0,,0,0,0,0,0,0,0
KRIG_L21_WOLF_COLLECTOR_MILITARY,3,2,0,"4,4,0","4,4",4,0,,0,0,0,0,0,0,0
ARGO_RAFT_COLLECTOR_INDUST,2,2,0,"1,1","1,1",1,1,2,2,0,0,0,0,0,0
ANVL_ASGARD_COLLECTOR_MILITARY,12,6,6,"4,4,3,3,3,3,3,0,0,0,0,0","4,4,3,3,3,3",4,4,"2,2,2,2",2,2,2,0,0,1,2
AEGS_AVENGER_TITAN_RENEGADE,5,3,0,"4,3,3,0,0","4,3,3",4,2,"1,1",1,1,1,2,1,1,1
ANVL_HORNET_F7C_WILDFIRE,0,0,0,,,0,2,"1,1",1,1,1,2,1,1,1
ANVL_HORNET_F7A_MK1,0,0,0,,,0,2,"1,1",1,1,2,2,1,1,1
ANVL_HORNET_F7CM_HEARTSEEKER,4,3,1,"5,3,3,3","3,3,5",5,2,"1,1",1,1,1,2,1,1,1
ANVL_HORNET_F7A_MK2,8,2,2,"5,4,4,3,0,0,0,0","4,4",5,2,"1,1",1,1,2,2,1,1,1
ANVL_HORNET_F7CS_MK2,6,3,0,"5,4,4,0,0,0","4,4,5",5,2,"1,1",1,0,0,2,1,1,1
ANVL_HORNET_F7CR_MK2,4,2,0,"4,4,0,0","4,4",4,2,"1,1",1,1,1,2,1,1,1
ANVL_HORNET_F7C_MK2,6,2,0,"4,4,0,0,0,0","4,4",4,2,"1,1",1,2,1,2,1,1,1
ANVL_HORNET_F7CM_MK2,8,2,2,"5,4,4,3,0,0,0,0","4,4",5,3,"1,1,1",1,1,2,2,1,1,1
DRAK_CORSAIR_EXEC_MILITARY,12,8,0,"5,5,2,2,2,2,2,2,0,0,0,0","2,2,2,2,5,5,2,2",5,0,,0,0,0,0,0,0,0
DRAK_CORSAIR_EXEC_STEALTHINDUSTRIAL,12,8,0,"5,5,2,2,2,2,2,2,0,0,0,0","2,2,2,2,5,5,2,2",5,0,,0,0,0,0,0,0,0
RSI_APOLLO_TRIAGE_TIER_1,5,4,1,"4,4,3,3,0","4,4,3,3",4,0,,0,0,0,0,0,0,0
RSI_APOLLO_TRIAGE_TIER_3,5,4,1,"4,4,3,3,0","4,4,3,3",4,0,,0,0,0,0,0,0,0
RSI_APOLLO_TRIAGE_TIER_2,5,4,1,"4,4,3,3,0","4,4,3,3",4,0,,0,0,0,0,0,0,0
RSI_APOLLO_MEDIVAC_TIER_1,5,4,1,"4,4,3,3,0","4,4,3,3",4,0,,0,0,0,0,0,0,0
RSI_APOLLO_MEDIVAC_TIER_2,5,4,1,"4,4,3,3,0","4,4,3,3",4,0,,0,0,0,0,0,0,0
RSI_APOLLO_MEDIVAC_TIER_3,5,4,1,"4,4,3,3,0","4,4,3,3",4,0,,0,0,0,0,0,0,0
ESPR_PROWLER_UTILITY,9,4,0,"5,4,4,3,3,0,0,0,0","4,4,3,3",5,2,"2,2",2,1,2,2,2,1,2
ORBITAL_SENTRY_PU_NINETAILS_SIZE2,1,0,1,0,,0,1,2,2,1,3,1,3,0,0
ORBITAL_SENTRY_PU_CRIMINAL_SIZE2,1,0,1,0,,0,1,2,2,1,3,1,3,0,0
RSI_METEOR_COLLECTOR_MILITARY,6,6,0,"5,5,5,3,3,3","3,3,3,5,5,5",5,0,,0,0,0,0,0,0,0
RSI_METEOR_COLLECTOR_STEALTH,6,6,0,"5,5,5,3,3,3","3,3,3,5,5,5",5,0,,0,0,0,0,0,0,0
GAMA_SYULEN_EXEC_MILITARY,3,3,0,"3,3,3","3,3,3",3,0,,0,0,0,0,0,0,0
GAMA_SYULEN_EXEC_STEALTH,3,3,0,"3,3,3","3,3,3",3,0,,0,0,0,0,0,0,0
RSI_POLARIS_COLLECTOR_MILITARY,18,0,8,"0,0,0,0,0,0,0,0,0,0,0,0,0,0,0,0,0,0",,0,1,4,4,2,4,1,4,1,3
CRUS_STAR_RUNNER_MISSION_PIR_PACKAGE,6,4,2,"3,3,3,3,0,0","3,3,3,3",3,0,,0,0,0,0,0,0,0
AEGS_ECLIPSE_BIS2950,2,2,0,"2,2","2,2",2,2,"1,1",1,1,1,2,1,1,1
ORIG_600I_TOURING,5,3,0,"5,5,5,0,0","5,5,5",5,2,"3,3",3,1,3,2,3,1,2
ORIG_600I_BIS2951,5,3,0,"5,5,5,0,0","5,5,5",5,2,"3,3",3,1,3,2,3,1,2
ORIG_600I_EXECUTIVE_EDITION,5,3,0,"5,5,5,0,0","5,5,5",5,2,"3,3",3,1,3,2,3,1,2
MISC_RELIANT_MAKO,4,0,0,"0,0,0,0",,0,2,"1,1",1,1,1,2,1,1,1
MISC_RELIANT_SEN,4,0,0,"0,0,0,0",,0,2,"1,1",1,1,1,2,1,1,1
MISC_RELIANT_TANA,7,0,0,"0,0,0,0,0,0,0",,0,2,"1,1",1,1,1,2,1,1,1
AEGS_RECLAIMER_SHOWDOWN,6,0,4,"0,0,0,0,0,0",,0,1,4,4,1,4,1,4,1,3
AEGS_RECLAIMER_BIS2024_TEMP,6,0,4,"0,0,0,0,0,0",,0,1,4,4,1,4,1,4,1,3
AEGS_RECLAIMER_TEACH,6,0,4,"0,0,0,0,0,0",,0,1,4,4,1,4,1,4,1,3
AEGS_RECLAIMER_PU_HIJACKED,6,0,4,"0,0,0,0,0,0",,0,1,4,4,1,4,1,4,1,3
MISC_PROSPECTOR_COLLECTOR_INDUST,2,2,0,"1,1","1,1",1,3,"1,1,1",1,1,2,1,2,1,1
CNOU_MUSTANG_ALPHA_CITIZENCON2018,3,0,1,"3,0,0",,3,2,"1,1",1,1,1,2,1,1,1
CRUS_STARFIGHTER_ION_COLLECTOR_STEALTH,2,0,0,"0,0",,0,2,"2,2",2,2,2,3,2,1,2
CRUS_STARFIGHTER_INFERNO,2,0,0,"0,0",,0,2,"2,2",2,2,2,3,2,1,2
DRAK_VULTURE_TEACH,3,2,0,"1,1,0","1,1",1,3,"1,1,1",1,2,1,2,1,1,1
DRAK_DRAGONFLY_YELLOW,2,0,0,"0,0",,0,0,,0,0,0,0,0,0,0
DRAK_DRAGONFLY_PINK,2,0,0,"0,0",,0,0,,0,0,0,0,0,0,0
CRUS_INTREPID_COLLECTOR_INDUST,1,1,0,4,4,4,0,,0,0,0,0,0,0,0
AEGS_VANGUARD_SENTINEL,14,1,2,"5,0,0,0,0,0,0,0,0,0,0,0,0,0",5,5,2,"2,2",2,1,2,2,2,1,2
DRAK_CATERPILLAR_PIRATE,11,7,2,"5,4,4,4,4,3,3,0,0,0,0","3,3,5,4,4,4,4",5,3,"3,3,3",3,3,3,2,3,1,3
DRAK_CATERPILLAR_SHIPSHOWDOWN,11,7,2,"5,4,4,4,4,3,3,0,0,0,0","3,3,5,4,4,4,4",5,3,"3,3,3",3,3,3,2,3,1,3
DRAK_CATERPILLAR_PU_HIJACKED,11,7,2,"5,4,4,4,4,3,3,0,0,0,0","3,3,5,4,4,4,4",5,3,"3,3,3",3,3,3,2,3,1,3
ANVL_VALKYRIE_ADVOCACY,35,2,11,"3,3,3,0,0,0,0,0,0,0,0,0,0,0,0,0,0,0,0,0,0,0,0,0,0,0,0,0,0,0,0,0,0,0,0","3,3",3,4,"2,2,2,2",2,2,2,2,2,1,2
ANVL_VALKYRIE_BIS2950,35,2,11,"3,3,3,0,0,0,0,0,0,0,0,0,0,0,0,0,0,0,0,0,0,0,0,0,0,0,0,0,0,0,0,0,0,0,0","3,3",3,4,"2,2,2,2",2,2,2,2,2,1,2
ANVL_VALKYRIE_INDESTRUCTIBLE,35,2,11,"3,3,3,0,0,0,0,0,0,0,0,0,0,0,0,0,0,0,0,0,0,0,0,0,0,0,0,0,0,0,0,0,0,0,0","3,3",3,4,"2,2,2,2",2,2,2,2,2,1,2
ANVL_VALKYRIE_CITIZENCON,35,2,11,"3,3,3,0,0,0,0,0,0,0,0,0,0,0,0,0,0,0,0,0,0,0,0,0,0,0,0,0,0,0,0,0,0,0,0","3,3",3,4,"2,2,2,2",2,2,2,2,2,1,2
AEGS_GLADIUS_EA_AI_PIR,4,3,0,"3,3,3,0","3,3,3",3,2,"1,1",1,1,1,0,0,1,1
AEGS_GLADIUS_PU_AI_XENOTHREAT,4,3,0,"3,3,3,0","3,3,3",3,2,"1,1",1,1,1,0,0,1,1
AEGS_GLADIUS_PU_AI_SEC,4,3,0,"3,3,3,0","3,3,3",3,2,"1,1",1,1,1,0,0,1,1
AEGS_GLADIUS_PU_AI_UEE,4,3,0,"3,3,3,0","3,3,3",3,2,"1,1",1,1,1,0,0,1,1
AEGS_GLADIUS_PU_AI_CRIM,4,3,0,"3,3,3,0","3,3,3",3,2,"1,1",1,1,1,0,0,1,1
AEGS_GLADIUS_EA_AI_PIR_ELITE,4,3,0,"3,3,3,0","3,3,3",3,2,"1,1",1,1,1,0,0,1,1
AEGS_GLADIUS_PU_AI_CIV,4,3,0,"3,3,3,0","3,3,3",3,2,"1,1",1,1,1,0,0,1,1
AEGS_GLADIUS_UNMANNED_FLEETWEEK2024,4,3,0,"3,3,3,0","3,3,3",3,2,"1,1",1,1,1,0,0,1,1
AEGS_GLADIUS_UNMANNED_RESTORATION,4,3,0,"3,3,3,0","3,3,3",3,2,"1,1",1,1,1,0,0,1,1
AEGS_GLADIUS_UNMANNED_SALVAGE,4,3,0,"3,3,3,0","3,3,3",3,2,"1,1",1,1,1,0,0,1,1
ESPR_TALON_PU_AI_CRIM,3,2,0,"4,4,0","4,4",4,2,"1,1",1,1,1,2,1,1,1
ESPR_TALON_PU_AI_CIV,3,2,0,"4,4,0","4,4",4,2,"1,1",1,1,1,2,1,1,1
ANVL_TERRAPIN_UNMANNED_SALVAGE,3,0,0,"0,0,0",,0,0,,0,0,0,0,0,0,0
ANVL_TERRAPIN_MEDIC_COLLECTOR_MEDIC,3,0,1,"3,0,0",,3,0,,0,0,0,0,0,0,0
ANVL_TERRAPIN_PU_AI_CRIM,3,0,0,"0,0,0",,0,0,,0,0,0,0,0,0,0
ANVL_TERRAPIN_PU_AI_CIV,3,0,0,"0,0,0",,0,0,,0,0,0,0,0,0,0
RSI_MANTIS_PU_AI_XENOTHREAT,2,2,0,"3,3","3,3",3,0,,0,0,0,0,0,0,0
RSI_MANTIS_PU_AI_ADVOCACY,2,2,0,"3,3","3,3",3,0,,0,0,0,0,0,0,0
RSI_MANTIS_PU_AI_CIV,2,2,0,"3,3","3,3",3,0,,0,0,0,0,0,0,0
RSI_MANTIS_PU_AI_BJS,2,2,0,"3,3","3,3",3,0,,0,0,0,0,0,0,0
RSI_MANTIS_PU_AI_NINETAILS,2,2,0,"3,3","3,3",3,0,,0,0,0,0,0,0,0
RSI_MANTIS_PU_AI_MTS,2,2,0,"3,3","3,3",3,0,,0,0,0,0,0,0,0
RSI_MANTIS_PU_AI_SEC_HURSTON,2,2,0,"3,3","3,3",3,0,,0,0,0,0,0,0,0
RSI_MANTIS_PU_AI_UEE,2,2,0,"3,3","3,3",3,0,,0,0,0,0,0,0,0
RSI_MANTIS_PU_AI_CRIM,2,2,0,"3,3","3,3",3,0,,0,0,0,0,0,0,0
RSI_MANTIS_PU_AI_SEC_CRUSADER,2,2,0,"3,3","3,3",3,0,,0,0,0,0,0,0,0
AEGS_SABRE_FIREBIRD_COLLECTOR_MILT,4,2,0,"3,3,0,0","3,3",3,0,,0,0,0,0,0,0,0
AEGS_SABRE_PEREGRINE_COLLECTOR_COMPETITION,2,0,0,"0,0",,0,0,,0,0,0,0,0,0,0
AEGS_SABRE_UNMANNED_SALVAGE,7,4,0,"3,3,3,3,0,0,0","3,3,3,3",3,2,"1,1",1,2,1,2,1,1,1
AEGS_SABRE_PU_AI_CIV,7,4,0,"3,3,3,3,0,0,0","3,3,3,3",3,2,"1,1",1,2,1,2,1,1,1
AEGS_SABRE_PU_AI_UEE,7,4,0,"3,3,3,3,0,0,0","3,3,3,3",3,2,"1,1",1,2,1,2,1,1,1
AEGS_SABRE_PU_AI_SEC_BLACJAC,7,4,0,"3,3,3,3,0,0,0","3,3,3,3",3,2,"1,1",1,2,1,2,1,1,1
AEGS_SABRE_PU_AI_SEC_HURSTON,7,4,0,"3,3,3,3,0,0,0","3,3,3,3",3,2,"1,1",1,2,1,2,1,1,1
AEGS_SABRE_PU_AI_XENOTHREAT,7,4,0,"3,3,3,3,0,0,0","3,3,3,3",3,2,"1,1",1,2,1,2,1,1,1
AEGS_SABRE_PU_AI_CRIM,7,4,0,"3,3,3,3,0,0,0","3,3,3,3",3,2,"1,1",1,2,1,2,1,1,1
ORIG_890JUMP_PU_AI_CIV,8,0,4,"0,0,0,0,0,0,0,0",,0,2,"4,4",4,1,4,2,4,1,4
ORIG_890JUMP_PU_AI_CRIM,8,0,4,"0,0,0,0,0,0,0,0",,0,2,"4,4",4,1,4,2,4,1,4
ORIG_890JUMP_HIJACKED_PISCES,8,0,4,"0,0,0,0,0,0,0,0",,0,2,"4,4",4,1,4,2,4,1,4
MISC_RAZOR_PU_AI_CRIM,4,2,0,"2,2,0,0","2,2",2,0,,0,0,0,0,0,0,0
MISC_RAZOR_PU_AI_CIV,4,2,0,"2,2,0,0","2,2",2,0,,0,0,0,0,0,0,0
ANVL_CARRACK_PU_AI_CIV,10,0,8,"0,0,0,0,0,0,0,0,0,0",,0,0,,0,0,0,0,0,0,0
ANVL_CARRACK_PU_AI_CRIM,10,0,8,"0,0,0,0,0,0,0,0,0,0",,0,0,,0,0,0,0,0,0,0
ANVL_CARRACK_UNMANNED_SALVAGE,10,0,8,"0,0,0,0,0,0,0,0,0,0",,0,0,,0,0,0,0,0,0,0
CRUS_SPIRIT_A1_PU_AI_CIV,4,2,2,"3,3,3,0","3,3",3,0,,0,0,0,0,0,0,0
DRAK_CUTLASS_BLACK_UNMANNED_NINETAILS,3,2,1,"3,3,0","3,3",3,0,,0,0,0,0,0,0,0
DRAK_CUTLASS_BLACK_UNMANNED_SALVAGE,3,2,1,"3,3,0","3,3",3,0,,0,0,0,0,0,0,0
DRAK_CUTLASS_BLACK_PU_AI_PIR_ELITE,3,2,1,"3,3,0","3,3",3,1,2,2,0,0,0,0,0,0
DRAK_CUTLASS_BLACK_PU_AI_ADVOCACY,3,2,1,"3,3,0","3,3",3,0,,0,0,0,0,0,0,0
DRAK_CUTLASS_BLACK_PU_AI_FF,3,2,1,"3,3,0","3,3",3,0,,0,0,0,0,0,0,0
DRAK_CUTLASS_BLACK_PU_AI_CIV,3,2,1,"3,3,0","3,3",3,0,,0,0,0,0,0,0,0
DRAK_CUTLASS_BLACK_PU_AI_CRIM,3,2,1,"3,3,0","3,3",3,1,2,2,0,0,0,0,0,0
DRAK_CUTLASS_BLACK_EA_AI_PIR,3,2,1,"3,3,0","3,3",3,1,2,2,0,0,0,0,0,0
DRAK_CUTLASS_BLACK_PU_AI_SEC_CRUSADER,3,2,1,"3,3,0","3,3",3,0,,0,0,0,0,0,0,0
DRAK_CUTLASS_BLACK_PU_AI_DROPSHIP,3,2,1,"3,3,0","3,3",3,0,,0,0,0,0,0,0,0
DRAK_CUTLASS_STEEL_PU_AI_CIV,3,2,1,"3,3,0","3,3",3,0,,0,0,0,0,0,0,0
DRAK_CUTLASS_STEEL_PU_AI_CRIM,3,2,1,"3,3,0","3,3",3,0,,0,0,0,0,0,0,0
DRAK_CUTLASS_BLUE_PU_AI_CIV,3,2,1,"3,3,0","3,3",3,0,,0,0,0,0,0,0,0
DRAK_CUTLASS_RED_PU_AI_CIV,1,0,1,4,,4,0,,0,0,0,0,0,0,0
AEGS_IDRIS_M_PU,14,14,0,"6,6,5,5,5,5,5,5,5,5,5,5,5,5","6,6,5,5,5,5,5,5,5,5,5,5,5,5",6,2,"4,4",4,2,4,2,4,1,4
AEGS_IDRIS_P_COLLECTOR_MILITARY,16,16,0,"5,5,5,5,5,5,5,5,5,5,5,5,5,5,5,5","5,5,5,5,5,5,5,5,5,5,5,5,5,5,5,5",5,2,"4,4",4,2,4,2,4,1,4
ARGO_MOLE_PU_AI_CIV,5,2,0,"2,2,0,0,0","2,2",2,1,3,3,1,3,1,3,1,2
ARGO_MOLE_PU_AI_CRIM,5,2,0,"2,2,0,0,0","2,2",2,1,3,3,1,3,1,3,1,2
ARGO_MOLE_UNMANNED_SALVAGE,5,2,0,"2,2,0,0,0","2,2",2,1,3,3,1,3,1,3,1,2
MISC_STARFARER_GEMINI_PU_AI_CRIM,5,0,1,"0,0,0,0,0",,0,3,"3,3,3",3,2,3,2,3,1,3
MISC_STARFARER_GEMINI_PU_AI_UEE,5,0,1,"0,0,0,0,0",,0,3,"3,3,3",3,2,3,2,3,1,3
MISC_STARFARER_PU_AI_CIV_DEF,5,0,1,"0,0,0,0,0",,0,3,"3,3,3",3,2,3,2,3,1,3
MISC_STARFARER_UNMANNED_SALVAGE,5,0,1,"0,0,0,0,0",,0,3,"3,3,3",3,2,3,2,3,1,3
MISC_STARFARER_UNMANNED_NINETAILS,5,0,1,"0,0,0,0,0",,0,3,"3,3,3",3,2,3,2,3,1,3
MISC_STARFARER_PU_AI_CRIM,5,0,1,"0,0,0,0,0",,0,3,"3,3,3",3,2,3,2,3,1,3
MISC_STARFARER_PU_AI_NT,5,0,1,"0,0,0,0,0",,0,3,"3,3,3",3,2,3,2,3,1,3
VNCL_BLADE_PU_AI_VAN,4,4,0,"3,3,2,2","3,3,2,2",3,2,"1,1",1,1,1,2,1,1,1
ANVL_LIGHTNING_F8_PU_AI_UEE,11,6,1,"5,4,4,3,3,3,3,0,0,0,0","3,3,4,4,3,3",5,2,"2,2",2,1,2,2,1,1,1
ANVL_LIGHTNING_F8C_PLAT,11,6,1,"3,3,3,3,3,2,2,0,0,0,0","3,3,3,3,2,2",3,2,"2,2",2,1,2,2,1,1,1
ANVL_LIGHTNING_F8C_COLLECTOR_MILITARY,11,6,1,"3,3,3,3,3,2,2,0,0,0,0","3,3,3,3,2,2",3,0,,0,0,0,0,0,0,0
ANVL_LIGHTNING_F8C_COLLECTOR_STEALTH,11,6,1,"3,3,3,3,3,2,2,0,0,0,0","3,3,3,3,2,2",3,0,,0,0,0,0,0,0,0
ANVL_LIGHTNING_F8C_BIS2024_TEMP,11,6,1,"3,3,3,3,3,2,2,0,0,0,0","3,3,3,3,2,2",3,2,"2,2",2,1,2,2,1,1,1
ANVL_LIGHTNING_F8C_EXEC_MILITARY,11,6,1,"3,3,3,3,3,2,2,0,0,0,0","3,3,3,3,2,2",3,0,,0,0,0,0,0,0,0
ANVL_LIGHTNING_F8C_EXEC_STEALTH,11,6,1,"3,3,3,3,3,2,2,0,0,0,0","3,3,3,3,2,2",3,0,,0,0,0,0,0,0,0
ANVL_LIGHTNING_F8C_EXEC,11,6,1,"3,3,3,3,3,2,2,0,0,0,0","3,3,3,3,2,2",3,2,"2,2",2,1,2,2,1,1,1
ANVL_LIGHTNING_F8_FLEETWEEK_WHITE,11,6,1,"5,4,4,3,3,3,3,0,0,0,0","3,3,4,4,3,3",5,2,"2,2",2,1,2,2,1,1,1
ANVL_LIGHTNING_F8_FLEETWEEK_GREY,11,6,1,"5,4,4,3,3,3,3,0,0,0,0","3,3,4,4,3,3",5,2,"2,2",2,1,2,2,1,1,1
ANVL_LIGHTNING_F8_FLEETWEEK_LIGHTBLUE,11,6,1,"5,4,4,3,3,3,3,0,0,0,0","3,3,4,4,3,3",5,2,"2,2",2,1,2,2,1,1,1
ANVL_LIGHTNING_F8_FLEETWEEK_DARKBLUE,11,6,1,"5,4,4,3,3,3,3,0,0,0,0","3,3,4,4,3,3",5,2,"2,2",2,1,2,2,1,1,1
DRAK_HERALD_PU_AI_CRIM,3,3,0,"3,2,2","3,2,2",3,0,,0,0,0,0,0,0,0
DRAK_HERALD_PU_AI_CIV,3,3,0,"3,2,2","3,2,2",3,0,,0,0,0,0,0,0,0
ORIG_85X_PU_AI_CIV,5,2,3,"3,1,1,0,0","1,1",3,1,1,1,0,0,2,1,1,1
ORIG_85X_PU_AI_CRIM,5,2,3,"3,1,1,0,0","1,1",3,1,1,1,0,0,2,1,1,1
RSI_SCORPIUS_PU_AI_CRIM,5,4,0,"3,3,3,3,0","3,3,3,3",3,1,2,2,2,1,2,1,1,1
RSI_SCORPIUS_PU_AI_UEE,5,4,0,"3,3,3,3,0","3,3,3,3",3,1,2,2,2,1,2,1,1,1
RSI_SCORPIUS_PU_AI_CIV,5,4,0,"3,3,3,3,0","3,3,3,3",3,1,2,2,2,1,2,1,1,1
RSI_SCORPIUS_UNMANNED_SALVAGE,5,4,0,"3,3,3,3,0","3,3,3,3",3,1,2,2,2,1,2,1,1,1
CNOU_NOMAD_PU_AI_CRIM,6,3,1,"3,3,3,0,0,0","3,3,3",3,3,"1,1,1",1,0,0,0,0,1,1
CNOU_NOMAD_PU_AI_CIV,6,3,1,"3,3,3,0,0,0","3,3,3",3,3,"1,1,1",1,0,0,0,0,1,1
MISC_STARLANCER_TAC_COLLECTOR_MILITARY,19,0,8,"0,0,0,0,0,0,0,0,0,0,0,0,0,0,0,0,0,0,0",,0,2,"3,3",3,1,3,1,3,1,2
MISC_STARLANCER_MAX_COLLECTOR_INDUST,9,0,2,"0,0,0,0,0,0,0,0,0",,0,0,,0,0,0,0,0,0,0
XIAN_SCOUT_PU_AI_CRIM,2,2,0,"4,4","4,4",4,2,"1,1",1,1,1,2,1,1,1
XIAN_SCOUT_PU_AI_CIV,2,2,0,"4,4","4,4",4,2,"1,1",1,1,1,2,1,1,1
VNCL_GLAIVE_EA_AI_VAN_PRIME,4,0,0,"0,0,0,0",,0,2,"1,1",1,1,1,2,1,1,1
VNCL_GLAIVE_PU_AI_VAN,4,0,0,"0,0,0,0",,0,2,"1,1",1,1,1,2,1,1,1
MISC_HULL_C_AI_CRIM,8,0,7,"5,0,0,0,0,0,0,0",,5,4,"3,3,3,3",3,2,3,2,3,1,3
MISC_HULL_C_AI_CIV,8,0,7,"5,0,0,0,0,0,0,0",,5,4,"3,3,3,3",3,2,3,2,3,1,3
MISC_HULL_A_PU_AI_CIV,2,0,1,"5,0",,5,1,2,2,1,1,2,1,1,1
MISC_HULL_A_PU_AI_CRIM,2,0,1,"5,0",,5,1,2,2,1,1,2,1,1,1
MISC_HULL_A_UNMANNED_SALVAGE,2,0,1,"5,0",,5,1,2,2,1,1,2,1,1,1
ANVL_C8R_PISCES_PU_AI_CIV,6,2,1,"1,1,0,0,0,0","1,1",1,1,1,1,1,1,1,1,0,0
ANVL_C8R_PISCES_PU_AI_CRIM,6,2,1,"1,1,0,0,0,0","1,1",1,1,1,1,1,1,1,1,0,0
ANVL_C8_PISCES_PU_AI_CIV,6,2,1,"1,1,0,0,0,0","1,1",1,1,1,1,1,1,1,1,1,1
ANVL_C8_PISCES_PU_AI_CRIM,6,2,1,"1,1,0,0,0,0","1,1",1,1,1,1,1,1,1,1,1,1
ANVL_C8X_PISCES_EXPEDITION_PU_AI_CRIM,8,4,1,"1,1,1,1,0,0,0,0","1,1,1,1",1,1,1,1,1,1,1,1,1,1
ANVL_C8X_PISCES_EXPEDITION_PU_AI_CIV,8,4,1,"1,1,1,1,0,0,0,0","1,1,1,1",1,1,1,1,1,1,1,1,1,1
KRIG_P52_MERLIN_EA_AI_PIR,3,2,0,"1,1,0","1,1",1,1,1,1,1,1,2,1,0,0
KRIG_P52_MERLIN_EA_AI_UEE,3,2,0,"1,1,0","1,1",1,1,1,1,1,1,2,1,0,0
CRUS_STARLIFTER_A2_COLLECTOR_MILITARY,7,2,1,"5,5,0,0,0,0,0","5,5",5,0,,0,0,0,0,0,0,0
CRUS_STARLIFTER_A2_EA_PIR,7,2,1,"5,5,0,0,0,0,0","5,5",5,0,,0,0,0,0,0,0,0
CRUS_STARLIFTER_A2_S3BOMBS,7,2,1,"5,5,0,0,0,0,0","5,5",5,0,,0,0,0,0,0,0,0
CRUS_STARLIFTER_A2_BOMBLESS,7,2,1,"5,5,0,0,0,0,0","5,5",5,0,,0,0,0,0,0,0,0
CRUS_STARLIFTER_C2_UNMANNED_SALVAGE,2,2,0,"5,5","5,5",5,0,,0,0,0,2,3,1,3
CRUS_STARLIFTER_C2_PU_AI_CRIM,2,2,0,"5,5","5,5",5,0,,0,0,0,2,3,1,3
CRUS_STARLIFTER_C2_PU_AI_CIV,2,2,0,"5,5","5,5",5,0,,0,0,0,2,3,1,3
ORIG_400I_PU_AI_CRIM,3,2,0,"4,4,0","4,4",4,1,3,3,2,2,2,2,1,2
ORIG_400I_PU_AI_CIV,3,2,0,"4,4,0","4,4",4,1,3,3,2,2,2,2,1,2
ORIG_400I_UNMANNED_SALVAGE,3,2,0,"4,4,0","4,4",4,1,3,3,2,2,2,2,1,2
ANVL_HAWK_PU_AI_CRIM,7,6,0,"2,2,2,2,1,1,0","1,1,2,2,2,2",2,2,"1,1",1,1,1,2,1,1,1
ANVL_HAWK_PU_AI_FF,7,6,0,"2,2,2,2,1,1,0","1,1,2,2,2,2",2,2,"1,1",1,1,1,2,1,1,1
ANVL_HAWK_AI_OVERRIDE,7,6,0,"2,2,2,2,1,1,0","1,1,2,2,2,2",2,2,"1,1",1,1,1,2,1,1,1
ANVL_HAWK_PU_AI_CIV,7,6,0,"2,2,2,2,1,1,0","1,1,2,2,2,2",2,2,"1,1",1,1,1,2,1,1,1
ANVL_HAWK_PU_AI_BH,7,6,0,"2,2,2,2,1,1,0","1,1,2,2,2,2",2,2,"1,1",1,1,1,2,1,1,1
MRAI_GUARDIAN_QI_COLLECTOR_INDUST,3,2,0,"5,5,0","5,5",5,0,,0,0,0,0,0,0,0
MRAI_GUARDIAN_MX_COLLECTOR_MILITARY,5,4,0,"4,4,4,4,0","4,4,4,4",4,0,,0,0,0,0,0,0,0
MRAI_GUARDIAN_PU_AI_CIV,3,2,0,"5,5,0","5,5",5,0,,0,0,0,0,0,0,0
MRAI_GUARDIAN_PU_AI_CRIM,3,2,0,"5,5,0","5,5",5,0,,0,0,0,0,0,0,0
RSI_ZEUS_ES_PU_AI_CRIM,5,4,1,"4,4,3,3,3","4,4,3,3",4,4,"2,2,2,2",2,0,0,0,0,0,0
RSI_ZEUS_ES_PU_AI_CIV,5,4,1,"4,4,3,3,3","4,4,3,3",4,4,"2,2,2,2",2,0,0,0,0,0,0
RSI_ZEUS_CL_COLLECTOR_INDUST,5,4,1,"4,4,3,3,3","4,4,3,3",4,0,,0,0,0,0,0,0,0
ANVL_ARROW_UNMANNED_SALVAGE,4,2,0,"3,3,0,0","3,3",3,1,1,1,1,1,2,1,1,1
ANVL_ARROW_PU_AI_FF,4,2,0,"3,3,0,0","3,3",3,1,1,1,1,1,2,1,1,1
ANVL_ARROW_PU_AI_CIV,4,2,0,"3,3,0,0","3,3",3,1,1,1,1,1,2,1,1,1
ANVL_ARROW_PU_AI_XENOTHREAT,4,2,0,"3,3,0,0","3,3",3,1,1,1,1,1,2,1,1,1
ANVL_ARROW_PU_AI_SEC_BLACJAC,4,2,0,"3,3,0,0","3,3",3,1,1,1,1,1,2,1,1,1
ANVL_ARROW_PU_AI_CRIM,4,2,0,"3,3,0,0","3,3",3,1,1,1,1,1,2,1,1,1
AEGS_RETALIATOR_PU_AI_UEE,10,0,10,"0,0,0,0,0,0,0,0,0,0",,0,6,"2,2,2,2,2,2",2,2,2,2,2,1,2
AEGS_RETALIATOR_PU_AI_MTS,10,0,10,"0,0,0,0,0,0,0,0,0,0",,0,6,"2,2,2,2,2,2",2,2,2,2,2,1,2
AEGS_RETALIATOR_PU_AI_CRIM,10,0,10,"0,0,0,0,0,0,0,0,0,0",,0,6,"2,2,2,2,2,2",2,2,2,2,2,1,2
AEGS_RETALIATOR_UNMANNED_SALVAGE,10,0,10,"0,0,0,0,0,0,0,0,0,0",,0,6,"2,2,2,2,2,2",2,2,2,2,2,1,2
VNCL_STINGER_PU_AI_VAN,8,1,1,"5,0,0,0,0,0,0,0",5,5,0,,0,0,0,0,0,0,0
RSI_CONSTELLATION_TAURUS_PU_AI_CIV,12,4,3,"5,5,5,5,0,0,0,0,0,0,0,0","5,5,5,5",5,1,3,3,2,2,2,2,1,2
RSI_CONSTELLATION_TAURUS_PU_AI_CRIM,12,4,3,"5,5,5,5,0,0,0,0,0,0,0,0","5,5,5,5",5,1,3,3,2,2,2,2,1,2
RSI_CONSTELLATION_TAURUS_UNMANNED_SALVAGE,12,4,3,"5,5,5,5,0,0,0,0,0,0,0,0","5,5,5,5",5,1,3,3,2,2,2,2,1,2
RSI_CONSTELLATION_PHOENIX_PU_AI_CRIM,12,4,3,"5,5,5,5,0,0,0,0,0,0,0,0","5,5,5,5",5,1,3,3,2,2,2,2,1,2
RSI_CONSTELLATION_PHOENIX_PU_AI_CIV,12,4,3,"5,5,5,5,0,0,0,0,0,0,0,0","5,5,5,5",5,1,3,3,2,2,2,2,1,2
RSI_CONSTELLATION_AQUILA_UNMANNED_SALVAGE,10,4,3,"5,5,5,5,0,0,0,0,0,0","5,5,5,5",5,1,3,3,2,2,2,2,1,2
RSI_CONSTELLATION_AQUILA_PU_AI_CRIM,10,4,3,"5,5,5,5,0,0,0,0,0,0","5,5,5,5",5,1,3,3,2,2,2,2,1,2
RSI_CONSTELLATION_AQUILA_PU_AI_CIV,10,4,3,"5,5,5,5,0,0,0,0,0,0","5,5,5,5",5,1,3,3,2,2,2,2,1,2
RSI_CONSTELLATION_ANDROMEDA_PU_AI_NT,12,4,3,"5,5,5,5,0,0,0,0,0,0,0,0","5,5,5,5",5,1,3,3,2,2,2,2,1,2
RSI_CONSTELLATION_ANDROMEDA_PU_AI_SEC_CRUSADER,12,4,3,"5,5,5,5,0,0,0,0,0,0,0,0","5,5,5,5",5,1,3,3,2,2,2,2,1,2
RSI_CONSTELLATION_ANDROMEDA_PU_AI_SEC_BLACJAC,12,4,3,"5,5,5,5,0,0,0,0,0,0,0,0","5,5,5,5",5,1,3,3,2,2,2,2,1,2
RSI_CONSTELLATION_ANDROMEDA_PU_AI_CRIM,12,4,3,"5,5,5,5,0,0,0,0,0,0,0,0","5,5,5,5",5,1,3,3,2,2,2,2,1,2
RSI_CONSTELLATION_ANDROMEDA_EA_AI_PIR_ELITE,12,4,3,"5,5,5,5,0,0,0,0,0,0,0,0","5,5,5,5",5,1,2,2,2,2,2,2,1,2
RSI_CONSTELLATION_ANDROMEDA_PU_AI_CIV,12,4,3,"5,5,5,5,0,0,0,0,0,0,0,0","5,5,5,5",5,1,3,3,2,2,2,2,1,2
RSI_CONSTELLATION_ANDROMEDA_EA_AI_PIR,12,4,3,"5,5,5,5,0,0,0,0,0,0,0,0","5,5,5,5",5,1,2,2,2,2,2,2,1,2
RSI_CONSTELLATION_ANDROMEDA_UNMANNED_NINETAILS,12,4,3,"5,5,5,5,0,0,0,0,0,0,0,0","5,5,5,5",5,1,3,3,2,2,2,2,1,2
RSI_CONSTELLATION_ANDROMEDA_UNMANNED_SALVAGE,12,4,3,"5,5,5,5,0,0,0,0,0,0,0,0","5,5,5,5",5,1,3,3,2,2,2,2,1,2
AEGS_JAVELIN_PU_AI_UEE_FLEETWEEK,56,0,30,"0,0,0,0,0,0,0,0,0,0,0,0,0,0,0,0,0,0,0,0,0,0,0,0,0,0,0,0,0,0,0,0,0,0,0,0,0,0,0,0,0,0,0,0,0,0,0,0,0,0,0,0,0,0,0,0",,0,4,"4,4,4,4",4,4,4,4,4,1,4
AEGS_JAVELIN_PU_AI_UEE,56,0,30,"0,0,0,0,0,0,0,0,0,0,0,0,0,0,0,0,0,0,0,0,0,0,0,0,0,0,0,0,0,0,0,0,0,0,0,0,0,0,0,0,0,0,0,0,0,0,0,0,0,0,0,0,0,0,0,0",,0,4,"4,4,4,4",4,4,4,4,4,1,4
MISC_FREELANCER_MAX_PU_AI_CRIM,9,0,1,"0,0,0,0,0,0,0,0,0",,0,3,"2,2,2",2,2,2,2,2,1,2
MISC_FREELANCER_MAX_PU_AI_CIV,9,0,1,"0,0,0,0,0,0,0,0,0",,0,3,"2,2,2",2,2,2,2,2,1,2
MISC_FREELANCER_MAX_UNMANNED_SALVAGE,9,0,1,"0,0,0,0,0,0,0,0,0",,0,3,"2,2,2",2,2,2,2,2,1,2
MISC_FREELANCER_MIS_PU_AI_CRIM,11,0,1,"0,0,0,0,0,0,0,0,0,0,0",,0,3,"2,2,2",2,2,2,2,2,1,2
MISC_FREELANCER_MIS_PU_AI_NINETAILS,11,0,1,"0,0,0,0,0,0,0,0,0,0,0",,0,3,"2,2,2",2,2,2,2,2,1,2
MISC_FREELANCER_MIS_PU_AI_CIV,11,0,1,"0,0,0,0,0,0,0,0,0,0,0",,0,3,"2,2,2",2,2,2,2,2,1,2
MISC_FREELANCER_MIS_UNMANNED_SALVAGE,11,0,1,"0,0,0,0,0,0,0,0,0,0,0",,0,3,"2,2,2",2,2,2,2,2,1,2
MISC_FREELANCER_PU_AI_CIV,9,0,1,"0,0,0,0,0,0,0,0,0",,0,3,"2,2,2",2,2,2,2,2,1,2
MISC_FREELANCER_PU_AI_CRIM,9,0,1,"0,0,0,0,0,0,0,0,0",,0,3,"2,2,2",2,2,2,2,2,1,2
MISC_FREELANCER_UNMANNED_SALVAGE,9,0,1,"0,0,0,0,0,0,0,0,0",,0,3,"2,2,2",2,2,2,2,2,1,2
MISC_FREELANCER_DUR_PU_AI_CRIM,9,0,1,"0,0,0,0,0,0,0,0,0",,0,3,"2,2,2",2,2,2,2,2,1,2
MISC_FREELANCER_DUR_PU_AI_CIV,9,0,1,"0,0,0,0,0,0,0,0,0",,0,3,"2,2,2",2,2,2,2,2,1,2
MISC_FREELANCER_DUR_UNMANNED_SALVAGE,9,0,1,"0,0,0,0,0,0,0,0,0",,0,3,"2,2,2",2,2,2,2,2,1,2
ORIG_100I_UNMANNED_SALVAGE,3,2,0,"3,3,0","3,3",3,1,1,1,1,1,2,1,1,1
ORIG_100I_PU_AI_CIV,3,2,0,"3,3,0","3,3",3,1,1,1,1,1,2,1,1,1
ORIG_100I_PU_AI_CRIM,3,2,0,"3,3,0","3,3",3,1,1,1,1,1,2,1,1,1
ORIG_125A_PU_AI_CRIM,4,2,0,"3,3,0,0","3,3",3,1,1,1,1,1,2,1,1,1
ORIG_125A_PU_AI_CIV,4,2,0,"3,3,0,0","3,3",3,1,1,1,1,1,2,1,1,1
ORIG_135C_PU_AI_CIV,3,2,0,"3,3,0","3,3",3,1,1,1,1,1,2,1,1,1
ORIG_135C_PU_AI_CRIM,3,2,0,"3,3,0","3,3",3,1,1,1,1,1,2,1,1,1
DRAK_BUCCANEER_PU_AI_CRIM,0,0,0,,,0,1,1,1,1,1,2,1,1,1
DRAK_BUCCANEER_PU_AI_CIV,0,0,0,,,0,1,1,1,1,1,2,1,1,1
DRAK_BUCCANEER_EA_AI_PIR,2,0,0,"0,0",,0,1,1,1,1,1,2,1,1,1
DRAK_BUCCANEER_PU_AI_RACEANNOUNCER_SCRAMBLE,0,0,0,,,0,1,1,1,1,1,2,1,1,1
DRAK_BUCCANEER_EA_OUTLAWS,0,0,0,,,0,1,1,1,1,1,2,1,1,1
AEGS_HAMMERHEAD_PU_AI_NT,24,24,0,"4,4,4,4,4,4,4,4,4,4,4,4,4,4,4,4,4,4,4,4,4,4,4,4","4,4,4,4,4,4,4,4,4,4,4,4,4,4,4,4,4,4,4,4,4,4,4,4",4,2,"3,3",3,2,3,2,3,1,3
AEGS_HAMMERHEAD_PU_AI_CIV,24,24,0,"4,4,4,4,4,4,4,4,4,4,4,4,4,4,4,4,4,4,4,4,4,4,4,4","4,4,4,4,4,4,4,4,4,4,4,4,4,4,4,4,4,4,4,4,4,4,4,4",4,2,"3,3",3,2,3,2,3,1,3
AEGS_HAMMERHEAD_EA_AI_PIR,24,24,0,"4,4,4,4,4,4,4,4,4,4,4,4,4,4,4,4,4,4,4,4,4,4,4,4","4,4,4,4,4,4,4,4,4,4,4,4,4,4,4,4,4,4,4,4,4,4,4,4",4,2,"3,3",3,2,3,2,3,1,3
AEGS_HAMMERHEAD_PU_AI_UEE,24,24,0,"4,4,4,4,4,4,4,4,4,4,4,4,4,4,4,4,4,4,4,4,4,4,4,4","4,4,4,4,4,4,4,4,4,4,4,4,4,4,4,4,4,4,4,4,4,4,4,4",4,2,"3,3",3,2,3,2,3,1,3
AEGS_HAMMERHEAD_PU_AI_CRIM,24,24,0,"4,4,4,4,4,4,4,4,4,4,4,4,4,4,4,4,4,4,4,4,4,4,4,4","4,4,4,4,4,4,4,4,4,4,4,4,4,4,4,4,4,4,4,4,4,4,4,4",4,2,"3,3",3,2,3,2,3,1,3
AEGS_HAMMERHEAD_PU_AI_XENOTHREAT,24,24,0,"4,4,4,4,4,4,4,4,4,4,4,4,4,4,4,4,4,4,4,4,4,4,4,4","4,4,4,4,4,4,4,4,4,4,4,4,4,4,4,4,4,4,4,4,4,4,4,4",4,2,"3,3",3,2,3,2,3,1,3
AEGS_HAMMERHEAD_UNMANNED_SALVAGE,24,24,0,"4,4,4,4,4,4,4,4,4,4,4,4,4,4,4,4,4,4,4,4,4,4,4,4","4,4,4,4,4,4,4,4,4,4,4,4,4,4,4,4,4,4,4,4,4,4,4,4",4,2,"3,3",3,2,3,2,3,1,3
AEGS_HAMMERHEAD_UNMANNED_NINETAILS,24,24,0,"4,4,4,4,4,4,4,4,4,4,4,4,4,4,4,4,4,4,4,4,4,4,4,4","4,4,4,4,4,4,4,4,4,4,4,4,4,4,4,4,4,4,4,4,4,4,4,4",4,2,"3,3",3,2,3,2,3,1,3
ARGO_MPUV_PU_AI_CIV_LORVILLE,0,0,0,,,0,1,1,1,0,0,0,0,0,0
AEGS_REDEEMER_PU_AI_CRIM,15,2,12,"4,4,0,0,0,0,0,0,0,0,0,0,0,0,0","4,4",4,6,"2,2,2,2,2,2",2,2,3,1,3,1,2
AEGS_REDEEMER_PU_AI_CIV,15,2,12,"4,4,0,0,0,0,0,0,0,0,0,0,0,0,0","4,4",4,6,"2,2,2,2,2,2",2,2,3,1,3,1,2
AEGS_REDEEMER_UNMANNED_SALVAGE,15,2,12,"4,4,0,0,0,0,0,0,0,0,0,0,0,0,0","4,4",4,6,"2,2,2,2,2,2",2,2,3,1,3,1,2
ARGO_RAFT_PU_AI_CRIM,2,2,0,"1,1","1,1",1,1,2,2,0,0,0,0,0,0
ARGO_RAFT_PU_AI_CIV,2,2,0,"1,1","1,1",1,1,2,2,0,0,0,0,0,0
ARGO_RAFT_UNMANNED_SALVAGE,2,2,0,"1,1","1,1",1,1,2,2,0,0,0,0,0,0
ORIG_350R_UNMANNED_SALVAGE,6,3,0,"3,3,3,0,0,0","3,3,3",3,2,"1,1",1,0,0,2,1,1,1
ORIG_350R_PU_AI_CRIM,6,3,0,"3,3,3,0,0,0","3,3,3",3,2,"1,1",1,0,0,2,1,1,1
ORIG_350R_PU_AI_CIV,6,3,0,"3,3,3,0,0,0","3,3,3",3,2,"1,1",1,0,0,2,1,1,1
ORIG_325A_UNMANNED_SALVAGE,7,3,0,"4,3,3,0,0,0,0","4,3,3",4,2,"1,1",1,1,1,2,1,1,1
ORIG_325A_PU_AI_CIV,7,3,0,"4,3,3,0,0,0,0","4,3,3",4,2,"1,1",1,1,1,2,1,1,1
ORIG_325A_PU_AI_CRIM,7,3,0,"4,3,3,0,0,0,0","4,3,3",4,2,"1,1",1,1,1,2,1,1,1
ORIG_325A_PU_AI_MTS,7,3,0,"4,3,3,0,0,0,0","4,3,3",4,2,"1,1",1,1,1,2,1,1,1
ORIG_315P_PU_AI_CIV,5,2,0,"3,3,0,0,0","3,3",3,2,"1,1",1,0,0,2,1,1,1
ORIG_315P_PU_AI_CRIM,5,2,0,"3,3,0,0,0","3,3",3,2,"1,1",1,0,0,2,1,1,1
ORIG_315P_UNMANNED_SALVAGE,5,2,0,"3,3,0,0,0","3,3",3,2,"1,1",1,0,0,2,1,1,1
ORIG_300I_PU_AI_CRIM,7,3,0,"3,3,3,0,0,0,0","3,3,3",3,2,"1,1",1,1,1,2,1,1,1
ORIG_300I_PU_AI_CIV,7,3,0,"3,3,3,0,0,0,0","3,3,3",3,2,"1,1",1,1,1,2,1,1,1
ORIG_300I_AI_OVERRIDE,7,3,0,"3,3,3,0,0,0,0","3,3,3",3,2,"1,1",1,1,1,2,1,1,1
ORIG_300I_UNMANNED_RESTORATION,7,3,0,"3,3,3,0,0,0,0","3,3,3",3,2,"1,1",1,1,1,2,1,1,1
ORIG_300I_UNMANNED_SALVAGE,7,3,0,"3,3,3,0,0,0,0","3,3,3",3,2,"1,1",1,1,1,2,1,1,1
AEGS_AVENGER_WARLOCK_PU_AI_CIV,6,3,0,"4,3,3,0,0,0","4,3,3",4,2,"1,1",1,1,1,2,1,1,1
AEGS_AVENGER_WARLOCK_PU_AI_CRIM,6,3,0,"4,3,3,0,0,0","4,3,3",4,2,"1,1",1,1,1,2,1,1,1
AEGS_AVENGER_TITAN_PU_AI_FF,5,3,0,"4,3,3,0,0","4,3,3",4,2,"1,1",1,1,1,2,1,1,1
AEGS_AVENGER_TITAN_PU_AI_CIV,5,3,0,"4,3,3,0,0","4,3,3",4,2,"1,1",1,1,1,2,1,1,1
AEGS_AVENGER_STALKER_PU_AI_SEC_MICROTECH,5,3,0,"4,3,3,0,0","4,3,3",4,1,1,1,1,1,2,1,1,1
AEGS_AVENGER_STALKER_PU_AI_ADVOCACY,5,3,0,"4,3,3,0,0","4,3,3",4,2,"1,1",1,1,1,2,1,1,1
AEGS_AVENGER_STALKER_PU_AI_CIV,5,3,0,"4,3,3,0,0","4,3,3",4,2,"1,1",1,1,1,2,1,1,1
AEGS_AVENGER_STALKER_PU_AI_PIR,5,3,0,"4,3,3,0,0","4,3,3",4,2,"1,1",1,1,1,2,1,1,1
AEGS_AVENGER_STALKER_PU_AI_BH,5,3,0,"4,3,3,0,0","4,3,3",4,2,"1,1",1,1,1,2,1,1,1
AEGS_AVENGER_STALKER_PU_AI_CRIM,5,3,0,"4,3,3,0,0","4,3,3",4,2,"1,1",1,1,1,2,1,1,1
AEGS_AVENGER_STALKER_PU_AI_SEC_CRUSADER,5,3,0,"4,3,3,0,0","4,3,3",4,2,"1,1",1,1,1,2,1,1,1
ANVL_HORNET_F7C_PU_AI_CRIM,0,0,0,,,0,2,"1,1",1,1,1,2,1,1,1
ANVL_HORNET_F7C_PU_AI_CIV,0,0,0,,,0,2,"1,1",1,1,1,2,1,1,1
ANVL_HORNET_F7C_PU_AI_UEE,0,0,0,,,0,2,"1,1",1,1,1,2,1,1,1
ANVL_HORNET_F7C_PU_AI_ADVOCACY,0,0,0,,,0,2,"1,1",1,1,1,2,1,1,1
ANVL_HORNET_F7CM_PU_AI_CIV,4,2,2,"5,3,3,3","3,3",5,2,"1,1",1,1,1,2,1,1,1
ANVL_HORNET_F7CM_PU_AI_CRIM,4,2,2,"5,3,3,3","3,3",5,2,"1,1",1,1,1,2,1,1,1
ANVL_HORNET_F7CM_PU_AI_UEE,4,2,2,"5,3,3,3","3,3",5,2,"1,1",1,1,1,2,1,1,1
ANVL_HORNET_F7CS_PU_AI_UEE_VIXEN,0,0,0,,,0,2,"1,1",1,1,1,2,1,1,1
ANVL_HORNET_F7CS_PU_AI_CRIM,0,0,0,,,0,2,"1,1",1,1,1,2,1,1,1
ANVL_HORNET_F7CS_PU_AI_CIV,0,0,0,,,0,2,"1,1",1,1,1,2,1,1,1
ANVL_HORNET_F7CS_PU_AI_UEE,0,0,0,,,0,2,"1,1",1,1,1,2,1,1,1
ANVL_HORNET_F7CR_PU_AI_CIV,0,0,0,,,0,2,"1,1",1,1,1,2,1,1,1
ANVL_HORNET_F7CR_PU_AI_UEE,0,0,0,,,0,2,"1,1",1,1,1,2,1,1,1
ANVL_HORNET_F7CR_PU_AI_CRIM,0,0,0,,,0,2,"1,1",1,1,1,2,1,1,1
ANVL_HORNET_F7CR_PU_AI_UEE_WARLORD,0,0,0,,,0,2,"1,1",1,1,1,2,1,1,1
ANVL_HORNET_F7A_MK2_EXEC_MILITARY,8,2,2,"5,4,4,3,0,0,0,0","4,4",5,0,,0,0,0,0,0,0,0
ANVL_HORNET_F7A_MK2_EXEC_STEALTH,8,2,2,"5,4,4,3,0,0,0,0","4,4",5,0,,0,0,0,0,0,0,0
ANVL_HORNET_F7CM_MK2_HEARTSEEKER,6,2,2,"5,4,4,3,0,0","4,4",5,3,"1,1,1",1,1,2,2,1,1,1
ANVL_HORNET_F7_MK2_COLLECTOR_MOD,8,2,2,"5,4,4,3,0,0,0,0","4,4",5,1,1,1,0,0,0,0,0,0
DRAK_CORSAIR_PU_AI_CIV,12,8,0,"5,5,2,2,2,2,2,2,0,0,0,0","2,2,2,2,5,5,2,2",5,0,,0,0,0,0,0,0,0
DRAK_CORSAIR_PU_AI_CRIM,12,8,0,"5,5,2,2,2,2,2,2,0,0,0,0","2,2,2,2,5,5,2,2",5,0,,0,0,0,0,0,0,0
DRAK_CORSAIR_PU_AI_FF,12,8,0,"5,5,2,2,2,2,2,2,0,0,0,0","2,2,2,2,5,5,2,2",5,0,,0,0,0,0,0,0,0
DRAK_CORSAIR_UNMANNED_SALVAGE,12,8,0,"5,5,2,2,2,2,2,2,0,0,0,0","2,2,2,2,5,5,2,2",5,0,,0,0,0,0,0,0,0
RSI_APOLLO_TRIAGE_AI_CRIM,5,4,1,"4,4,3,3,0","4,4,3,3",4,0,,0,0,0,0,0,0,0
RSI_APOLLO_TRIAGE_AI_CIV,5,4,1,"4,4,3,3,0","4,4,3,3",4,0,,0,0,0,0,0,0,0
RSI_APOLLO_MEDIVAC_AI_CRIM,5,4,1,"4,4,3,3,0","4,4,3,3",4,0,,0,0,0,0,0,0,0
RSI_APOLLO_MEDIVAC_AI_CIV,5,4,1,"4,4,3,3,0","4,4,3,3",4,0,,0,0,0,0,0,0,0
ESPR_PROWLER_AI_EA_SUPREME,21,4,0,"5,5,5,3,3,0,0,0,0,0,0,0,0,0,0,0,0,0,0,0,0","5,5,3,3",5,2,"2,2",2,1,2,2,2,1,2
ESPR_PROWLER_PU_AI_CRIM,21,4,0,"5,5,5,3,3,0,0,0,0,0,0,0,0,0,0,0,0,0,0,0,0","5,5,3,3",5,2,"2,2",2,1,2,2,2,1,2
ESPR_PROWLER_PU_AI_CIV,21,4,0,"5,5,5,3,3,0,0,0,0,0,0,0,0,0,0,0,0,0,0,0,0","5,5,3,3",5,2,"2,2",2,1,2,2,2,1,2
ESPR_PROWLER_UTILITY_COLLECTOR_INDUST,9,4,0,"5,4,4,3,3,0,0,0,0","4,4,3,3",5,2,"2,2",2,1,2,2,2,1,2
ESPR_PROWLER_UNMANNED_SALVAGE,21,4,0,"5,5,5,3,3,0,0,0,0,0,0,0,0,0,0,0,0,0,0,0,0","5,5,3,3",5,2,"2,2",2,1,2,2,2,1,2
RSI_POLARIS_PU_AI_CRIM,18,0,8,"0,0,0,0,0,0,0,0,0,0,0,0,0,0,0,0,0,0",,0,1,4,4,2,4,1,4,1,3
RSI_POLARIS_PU_AI_CIV,18,0,8,"0,0,0,0,0,0,0,0,0,0,0,0,0,0,0,0,0,0",,0,1,4,4,2,4,1,4,1,3
RSI_POLARIS_PU_AI_FF,18,0,8,"0,0,0,0,0,0,0,0,0,0,0,0,0,0,0,0,0,0",,0,1,4,4,2,4,1,4,1,3
DRAK_CUTTER_PU_AI_CIV,3,2,0,"2,2,0","2,2",2,1,1,1,1,1,1,1,1,1
DRAK_CUTTER_PU_AI_CRIM,3,2,0,"2,2,0","2,2",2,1,1,1,1,1,1,1,1,1
DRAK_CUTTER_UNMANNED_SALVAGE,3,2,0,"2,2,0","2,2",2,1,1,1,1,1,1,1,1,1
DRAK_CUTTER_RAMBLER_PU_AI_CRIM,4,2,0,"2,2,0,0","2,2",2,1,1,1,1,1,1,1,1,1
DRAK_CUTTER_RAMBLER_PU_AI_CIV,4,2,0,"2,2,0,0","2,2",2,1,1,1,1,1,1,1,1,1
DRAK_CUTTER_SCOUT_PU_AI_CRIM,3,2,0,"2,2,0","2,2",2,1,1,1,1,2,1,2,1,1
DRAK_CUTTER_SCOUT_PU_AI_CIV,3,2,0,"2,2,0","2,2",2,1,1,1,1,2,1,2,1,1
ORIG_M50_PU_AI_CRIM,4,2,0,"2,2,0,0","2,2",2,1,1,1,1,1,2,1,1,1
ORIG_M50_PU_AI_ADVOCACY,4,2,0,"2,2,0,0","2,2",2,1,1,1,1,1,2,1,1,1
ORIG_M50_PU_AI_CIV,4,2,0,"2,2,0,0","2,2",2,1,1,1,1,1,2,1,1,1
ORIG_M50_PU_AI_NINETAILS,4,2,0,"2,2,0,0","2,2",2,1,1,1,1,1,2,1,1,1
CRUS_STAR_RUNNER_UNMANNED_SALVAGE,6,4,2,"3,3,3,3,0,0","3,3,3,3",3,0,,0,0,0,0,0,0,0
CRUS_STAR_RUNNER_PU_AI_CIV,6,4,2,"3,3,3,3,0,0","3,3,3,3",3,0,,0,0,0,0,0,0,0
CRUS_STAR_RUNNER_PU_AI_CRIM,6,4,2,"3,3,3,3,0,0","3,3,3,3",3,0,,0,0,0,0,0,0,0
RSI_AURORA_LN_EA_AI_PIR,4,4,0,"1,1,1,1","1,1,1,1",1,0,,0,0,0,0,0,0,0
RSI_AURORA_LN_PU_AI_CRIM,4,4,0,"1,1,1,1","1,1,1,1",1,0,,0,0,0,0,0,0,0
RSI_AURORA_LN_PU_AI_CIV,4,4,0,"1,1,1,1","1,1,1,1",1,0,,0,0,0,0,0,0,0
RSI_AURORA_ES_PU_AI_CRIM,4,4,0,"1,1,1,1","1,1,1,1",1,0,,0,0,0,0,0,0,0
RSI_AURORA_ES_PU_AI_CIV,4,4,0,"1,1,1,1","1,1,1,1",1,0,,0,0,0,0,0,0,0
RSI_AURORA_MR_PU_AI_CIV,4,4,0,"1,1,1,1","1,1,1,1",1,0,,0,0,0,0,0,0,0
RSI_AURORA_MR_PU_AI_CRIM,4,4,0,"1,1,1,1","1,1,1,1",1,0,,0,0,0,0,0,0,0
RSI_AURORA_LX_PU_AI_CIV,4,4,0,"1,1,1,1","1,1,1,1",1,0,,0,0,0,0,0,0,0
RSI_AURORA_LX_PU_AI_CRIM,4,4,0,"1,1,1,1","1,1,1,1",1,0,,0,0,0,0,0,0,0
RSI_AURORA_CL_PU_AI_CRIM,4,4,0,"1,1,1,1","1,1,1,1",1,0,,0,0,0,0,0,0,0
RSI_AURORA_CL_PU_AI_CIV,4,4,0,"1,1,1,1","1,1,1,1",1,0,,0,0,0,0,0,0,0
AEGS_ECLIPSE_UNMANNED_SALVAGE,2,2,0,"2,2","2,2",2,2,"1,1",1,1,1,2,1,1,1
AEGS_ECLIPSE_PU_AI_UEE,2,2,0,"2,2","2,2",2,2,"1,1",1,1,1,2,1,1,1
AEGS_ECLIPSE_AI_OVERRIDE,2,2,0,"2,2","2,2",2,2,"1,1",1,1,1,2,1,1,1
AEGS_ECLIPSE_PU_AI_CRIM,2,2,0,"2,2","2,2",2,2,"1,1",1,1,1,2,1,1,1
ANVL_HURRICANE_PU_AI_CRIM,7,6,1,"4,4,3,3,3,3,0","4,4,3,3,3,3",4,1,2,2,2,1,2,1,1,1
ANVL_HURRICANE_PU_AI_UEE,7,6,1,"4,4,3,3,3,3,0","4,4,3,3,3,3",4,1,2,2,2,1,2,1,1,1
ANVL_HURRICANE_PU_AI_MTS,7,6,1,"4,4,3,3,3,3,0","4,4,3,3,3,3",4,1,2,2,2,1,2,1,1,1
ANVL_HURRICANE_PU_AI_FF,7,6,1,"4,4,3,3,3,3,0","4,4,3,3,3,3",4,1,2,2,2,1,2,1,1,1
ANVL_HURRICANE_PU_AI_CIV,7,6,1,"4,4,3,3,3,3,0","4,4,3,3,3,3",4,1,2,2,2,1,2,1,1,1
MISC_FURY_LX_AI_CIV,0,0,0,,,0,1,1,1,1,1,2,1,0,0
MISC_FURY_PU_AI_CIV,4,4,0,"2,2,2,2","2,2,2,2",2,1,1,1,1,1,2,1,0,0
MISC_FURY_MIRU_PU_AI_CIV,8,0,0,"0,0,0,0,0,0,0,0",,0,1,1,1,1,1,2,1,0,0
ORIG_600I_PU_AI_CRIM,5,3,0,"5,5,5,0,0","5,5,5",5,2,"3,3",3,1,3,2,3,1,2
ORIG_600I_PU_AI_CIV,5,3,0,"5,5,5,0,0","5,5,5",5,2,"3,3",3,1,3,2,3,1,2
MISC_RELIANT_UNMANNED_SALVAGE,5,0,0,"0,0,0,0,0",,0,2,"1,1",1,1,1,2,1,1,1
MISC_RELIANT_PU_AI_CRIM,5,0,0,"0,0,0,0,0",,0,2,"1,1",1,1,1,2,1,1,1
MISC_RELIANT_PU_AI_CIV,5,0,0,"0,0,0,0,0",,0,2,"1,1",1,1,1,2,1,1,1
AEGS_RECLAIMER_UNMANNED_SALVAGE,6,0,4,"0,0,0,0,0,0",,0,1,4,4,1,4,1,4,1,3
AEGS_RECLAIMER_PU_HIJACKED_C,6,0,4,"0,0,0,0,0,0",,0,1,4,4,1,4,1,4,1,3
AEGS_RECLAIMER_PU_HIJACKED_B,6,0,4,"0,0,0,0,0,0",,0,1,4,4,1,4,1,4,1,3
AEGS_RECLAIMER_PU_HIJACKED_A,6,0,4,"0,0,0,0,0,0",,0,1,4,4,1,4,1,4,1,3
AEGS_RECLAIMER_PU_AI_CIV,6,0,4,"0,0,0,0,0,0",,0,1,4,4,1,4,1,4,1,3
AEGS_RECLAIMER_PU_AI_CRIM,6,0,4,"0,0,0,0,0,0",,0,1,4,4,1,4,1,4,1,3
AEGS_RECLAIMER_PU_AI_NINETAILS,6,0,4,"0,0,0,0,0,0",,0,1,4,4,1,4,1,4,1,3
BANU_DEFENDER_PU_AI_CRIM,5,4,0,"3,3,3,3,0","3,3,3,3",3,1,2,2,2,1,2,1,1,1
BANU_DEFENDER_PU_AI_CIV,5,4,0,"3,3,3,3,0","3,3,3,3",3,1,2,2,2,1,2,1,1,1
MISC_PROSPECTOR_UNMANNED_NINETAILS,2,2,0,"1,1","1,1",1,3,"1,1,1",1,1,2,1,2,1,1
MISC_PROSPECTOR_UNMANNED_SALVAGE,2,2,0,"1,1","1,1",1,3,"1,1,1",1,1,2,1,2,1,1
MISC_PROSPECTOR_PU_AI_CIV,2,2,0,"1,1","1,1",1,3,"1,1,1",1,1,2,1,2,1,1
MISC_PROSPECTOR_PU_AI_CRIM,2,2,0,"1,1","1,1",1,3,"1,1,1",1,1,2,1,2,1,1
MISC_PROSPECTOR_PU_AI_NINETAILS,2,2,0,"1,1","1,1",1,3,"1,1,1",1,1,2,1,2,1,1
MISC_PROSPECTOR_PU_AI_NT,2,2,0,"1,1","1,1",1,3,"1,1,1",1,1,2,1,2,1,1
CNOU_MUSTANG_GAMMA_PU_AI_CRIM,3,2,0,"1,1,0","1,1",1,2,"1,1",1,1,1,2,1,1,1
CNOU_MUSTANG_GAMMA_PU_AI_CIV,3,2,0,"1,1,0","1,1",1,2,"1,1",1,1,1,2,1,1,1
CNOU_MUSTANG_ALPHA_PU_AI_CIV,3,0,1,"3,0,0",,3,2,"1,1",1,1,1,2,1,1,1
CNOU_MUSTANG_ALPHA_PU_AI_CRIM,3,0,1,"3,0,0",,3,2,"1,1",1,1,1,2,1,1,1
CNOU_MUSTANG_BETA_PU_AI_CIV,3,0,0,"0,0,0",,0,2,"1,1",1,1,1,2,1,1,1
CNOU_MUSTANG_BETA_PU_AI_CRIM,3,0,0,"0,0,0",,0,2,"1,1",1,1,1,2,1,1,1
CNOU_MUSTANG_DELTA_PU_AI_CRIM,3,2,1,"3,2,2","2,2",3,2,"1,1",1,1,1,2,1,1,1
CNOU_MUSTANG_DELTA_PU_AI_NINETAILS,3,2,1,"3,2,2","2,2",3,2,"1,1",1,1,1,2,1,1,1
CNOU_MUSTANG_DELTA_PU_AI_CIV,3,2,1,"3,2,2","2,2",3,2,"1,1",1,1,1,2,1,1,1
CRUS_STARFIGHTER_ION_UNMANNED_SALVAGE,2,0,0,"0,0",,0,2,"2,2",2,2,2,3,2,1,2
CRUS_STARFIGHTER_INFERNO_COLLECTOR_MILITARY,2,0,0,"0,0",,0,2,"2,2",2,2,2,3,2,1,2
CRUS_STARFIGHTER_ION_PU_AI_CIV,2,0,0,"0,0",,0,2,"2,2",2,2,2,3,2,1,2
CRUS_STARFIGHTER_ION_PU_AI_CRIM,2,0,0,"0,0",,0,2,"2,2",2,2,2,3,2,1,2
DRAK_VULTURE_UNMANNED_SALVAGE,3,2,0,"1,1,0","1,1",1,3,"1,1,1",1,2,1,2,1,1,1
DRAK_VULTURE_PU_AI_CRIM,3,2,0,"1,1,0","1,1",1,3,"1,1,1",1,2,1,2,1,1,1
DRAK_VULTURE_PU_AI_CIV,3,2,0,"1,1,0","1,1",1,3,"1,1,1",1,2,1,2,1,1,1
ANVL_GLADIATOR_PU_AI_CRIM,3,2,1,"3,3,0","3,3",3,1,2,2,1,2,2,1,1,1
ANVL_GLADIATOR_PU_AI_CIV,3,2,1,"3,3,0","3,3",3,1,2,2,1,2,2,1,1,1
ANVL_GLADIATOR_PU_AI_UEE,3,2,1,"3,3,0","3,3",3,1,2,2,1,2,2,1,1,1
VNCL_SCYTHE_EA_AI_VAN_ALPHA,4,0,0,"0,0,0,0",,0,2,"1,1",1,1,1,2,1,1,1
VNCL_SCYTHE_PU_AI_VAN,4,0,0,"0,0,0,0",,0,2,"1,1",1,1,1,2,1,1,1
VNCL_SCYTHE_EA_AI_VAN_HUNTER,4,0,0,"0,0,0,0",,0,2,"1,1",1,1,1,2,1,1,1
AEGS_VANGUARD_PU_AI_CIV,12,1,2,"5,0,0,0,0,0,0,0,0,0,0,0",5,5,2,"2,2",2,1,2,2,2,1,2
AEGS_VANGUARD_PU_AI_XENOTHREAT,12,1,2,"5,0,0,0,0,0,0,0,0,0,0,0",5,5,2,"2,2",2,1,2,2,2,1,2
AEGS_VANGUARD_PU_AI_CRIM,12,1,2,"5,0,0,0,0,0,0,0,0,0,0,0",5,5,2,"2,2",2,1,2,2,2,1,2
AEGS_VANGUARD_PU_AI_SEC_HURSTON,12,1,2,"5,0,0,0,0,0,0,0,0,0,0,0",5,5,2,"2,2",2,1,2,2,2,1,2
AEGS_VANGUARD_PU_AI_SEC_CRUSADER,12,1,2,"5,0,0,0,0,0,0,0,0,0,0,0",5,5,2,"2,2",2,1,2,2,2,1,2
AEGS_VANGUARD_EA_AI_PIR,12,1,2,"5,0,0,0,0,0,0,0,0,0,0,0",5,5,2,"2,2",2,1,2,2,2,1,2
AEGS_VANGUARD_PU_AI_SEC_BLACJAC,12,1,2,"5,0,0,0,0,0,0,0,0,0,0,0",5,5,2,"2,2",2,1,2,2,2,1,2
AEGS_VANGUARD_PU_AI_UEE,12,1,2,"5,0,0,0,0,0,0,0,0,0,0,0",5,5,2,"2,2",2,1,2,2,2,1,2
AEGS_VANGUARD_UNMANNED_SALVAGE,12,1,2,"5,0,0,0,0,0,0,0,0,0,0,0",5,5,2,"2,2",2,1,2,2,2,1,2
AEGS_VANGUARD_HARBINGER_UNMANNED_SALVAGE,13,1,2,"5,0,0,0,0,0,0,0,0,0,0,0,0",5,5,2,"2,2",2,1,2,2,2,1,2
AEGS_VANGUARD_HARBINGER_PU_AI_CIV,13,1,2,"5,0,0,0,0,0,0,0,0,0,0,0,0",5,5,2,"2,2",2,1,2,2,2,1,2
AEGS_VANGUARD_HARBINGER_PU_AI_CRIM,13,1,2,"5,0,0,0,0,0,0,0,0,0,0,0,0",5,5,2,"2,2",2,1,2,2,2,1,2
AEGS_VANGUARD_HOPLITE_UNMANNED_SALVAGE,10,1,2,"5,0,0,0,0,0,0,0,0,0",5,5,2,"2,2",2,1,2,2,2,1,2
AEGS_VANGUARD_HOPLITE_PU_AI_CIV,10,1,2,"5,0,0,0,0,0,0,0,0,0",5,5,2,"2,2",2,1,2,2,2,1,2
AEGS_VANGUARD_HOPLITE_PU_AI_CRIM,10,1,2,"5,0,0,0,0,0,0,0,0,0",5,5,2,"2,2",2,1,2,2,2,1,2
DRAK_CATERPILLAR_PU_AI_CRIM,11,7,2,"5,4,4,4,4,3,3,0,0,0,0","3,3,5,4,4,4,4",5,3,"3,3,3",3,3,3,2,3,1,3
DRAK_CATERPILLAR_PU_AI_CIV,11,7,2,"5,4,4,4,4,3,3,0,0,0,0","3,3,5,4,4,4,4",5,3,"3,3,3",3,3,3,2,3,1,3
DRAK_CATERPILLAR_PU_AI_NT,11,7,2,"5,4,4,4,4,3,3,0,0,0,0","3,3,5,4,4,4,4",5,3,"3,3,3",3,3,3,2,3,1,3
DRAK_CATERPILLAR_UNMANNED_NINETAILS,11,7,2,"5,4,4,4,4,3,3,0,0,0,0","3,3,5,4,4,4,4",5,3,"3,3,3",3,3,3,2,3,1,3
DRAK_CATERPILLAR_UNMANNED_SALVAGE,11,7,2,"5,4,4,4,4,3,3,0,0,0,0","3,3,5,4,4,4,4",5,3,"3,3,3",3,3,3,2,3,1,3
ANVL_VALKYRIE_UNMANNED_NINETAILS,35,2,11,"3,3,3,0,0,0,0,0,0,0,0,0,0,0,0,0,0,0,0,0,0,0,0,0,0,0,0,0,0,0,0,0,0,0,0","3,3",3,4,"2,2,2,2",2,2,2,2,2,1,2
ANVL_VALKYRIE_UNMANNED_SALVAGE,35,2,11,"3,3,3,0,0,0,0,0,0,0,0,0,0,0,0,0,0,0,0,0,0,0,0,0,0,0,0,0,0,0,0,0,0,0,0","3,3",3,4,"2,2,2,2",2,2,2,2,2,1,2
ANVL_VALKYRIE_AI_DROPSHIP,35,2,11,"3,3,3,0,0,0,0,0,0,0,0,0,0,0,0,0,0,0,0,0,0,0,0,0,0,0,0,0,0,0,0,0,0,0,0","3,3",3,4,"2,2,2,2",2,2,2,2,2,1,2
ANVL_VALKYRIE_PU_AI_XENOTHREAT,35,2,11,"3,3,3,0,0,0,0,0,0,0,0,0,0,0,0,0,0,0,0,0,0,0,0,0,0,0,0,0,0,0,0,0,0,0,0","3,3",3,4,"2,2,2,2",2,2,2,2,2,1,2
ANVL_VALKYRIE_PU_AI_FF,35,2,11,"3,3,3,0,0,0,0,0,0,0,0,0,0,0,0,0,0,0,0,0,0,0,0,0,0,0,0,0,0,0,0,0,0,0,0","3,3",3,4,"2,2,2,2",2,2,2,2,2,1,2
ANVL_VALKYRIE_PU_AI_SEC_HURSTON,35,2,11,"3,3,3,0,0,0,0,0,0,0,0,0,0,0,0,0,0,0,0,0,0,0,0,0,0,0,0,0,0,0,0,0,0,0,0","3,3",3,4,"2,2,2,2",2,2,2,2,2,1,2
ANVL_VALKYRIE_PU_AI_SEC_MICROTECH,35,2,11,"3,3,3,0,0,0,0,0,0,0,0,0,0,0,0,0,0,0,0,0,0,0,0,0,0,0,0,0,0,0,0,0,0,0,0","3,3",3,4,"2,2,2,2",2,2,2,2,2,1,2
ANVL_VALKYRIE_PU_AI_CIV,35,2,11,"3,3,3,0,0,0,0,0,0,0,0,0,0,0,0,0,0,0,0,0,0,0,0,0,0,0,0,0,0,0,0,0,0,0,0","3,3",3,4,"2,2,2,2",2,2,2,2,2,1,2
ANVL_VALKYRIE_PU_AI_BH_QIG,35,2,11,"3,3,3,0,0,0,0,0,0,0,0,0,0,0,0,0,0,0,0,0,0,0,0,0,0,0,0,0,0,0,0,0,0,0,0","3,3",3,4,"2,2,2,2",2,2,2,2,2,1,2
ANVL_VALKYRIE_PU_AI_ADVOCACY,35,2,11,"3,3,3,0,0,0,0,0,0,0,0,0,0,0,0,0,0,0,0,0,0,0,0,0,0,0,0,0,0,0,0,0,0,0,0","3,3",3,4,"2,2,2,2",2,2,2,2,2,1,2
ANVL_VALKYRIE_PU_AI_CRIM,35,2,11,"3,3,3,0,0,0,0,0,0,0,0,0,0,0,0,0,0,0,0,0,0,0,0,0,0,0,0,0,0,0,0,0,0,0,0","3,3",3,4,"2,2,2,2",2,2,2,2,2,1,2
AEGS_GLADIUS_PU_AI_SEC_HURSTONDYNAMICS,4,3,0,"3,3,3,0","3,3,3",3,2,"1,1",1,1,1,0,0,1,1
AEGS_GLADIUS_VALIANT_PU_AI_CRIM,4,3,0,"3,3,3,0","3,3,3",3,2,"1,1",1,1,1,0,0,1,1
AEGS_GLADIUS_VALIANT_PU_AI_CIV,4,3,0,"3,3,3,0","3,3,3",3,2,"1,1",1,1,1,0,0,1,1
ESPR_TALON_SHRIKE_PU_AI_CRIM,3,2,0,"2,2,0","2,2",2,2,"1,1",1,1,1,2,1,1,1
ESPR_TALON_SHRIKE_PU_AI_CIV,3,2,0,"2,2,0","2,2",2,2,"1,1",1,1,1,2,1,1,1
ANVL_TERRAPIN_MEDIC_PU_AI_CIV,3,0,1,"3,0,0",,3,0,,0,0,0,0,0,0,0
ANVL_TERRAPIN_MEDIC_PU_AI_CRIM,3,0,1,"3,0,0",,3,0,,0,0,0,0,0,0,0
RSI_MANTIS_PU_AI_BH,2,2,0,"3,3","3,3",3,0,,0,0,0,0,0,0,0
AEGS_SABRE_RAVEN_PU_AI_CIV,5,2,0,"3,3,0,0,0","3,3",3,2,"1,1",1,2,1,2,1,1,1
AEGS_SABRE_RAVEN_PU_AI_CRIM,5,2,0,"3,3,0,0,0","3,3",3,2,"1,1",1,2,1,2,1,1,1
AEGS_SABRE_FIREBIRD_PU_AI_FF,4,2,0,"3,3,0,0","3,3",3,2,"1,1",1,2,1,2,1,1,1
AEGS_SABRE_FIREBIRD_PU_AI_CRIM,4,2,0,"3,3,0,0","3,3",3,2,"1,1",1,2,1,2,1,1,1
AEGS_SABRE_FIREBIRD_PU_AI_CIV,4,2,0,"3,3,0,0","3,3",3,2,"1,1",1,2,1,2,1,1,1
AEGS_SABRE_COMET_PU_AI_CRIM,7,4,0,"3,3,3,3,0,0,0","3,3,3,3",3,2,"1,1",1,2,1,2,1,1,1
AEGS_SABRE_COMET_PU_AI_UEE,7,4,0,"3,3,3,3,0,0,0","3,3,3,3",3,2,"1,1",1,2,1,2,1,1,1
AEGS_SABRE_COMET_PU_AI_CIV,7,4,0,"3,3,3,3,0,0,0","3,3,3,3",3,2,"1,1",1,2,1,2,1,1,1
ORIG_890JUMP_PU_AI_CIV_DEF,8,0,4,"0,0,0,0,0,0,0,0",,0,2,"4,4",4,1,4,2,4,1,4
ORIG_890JUMP_AI_CIV_SHIPBOARDED,8,0,4,"0,0,0,0,0,0,0,0",,0,2,"4,4",4,1,4,2,4,1,4
MISC_RAZOR_LX_PU_AI_CIV,4,2,0,"2,2,0,0","2,2",2,0,,0,0,0,0,0,0,0
MISC_RAZOR_LX_PU_AI_CRIM,4,2,0,"2,2,0,0","2,2",2,0,,0,0,0,0,0,0,0
MISC_RAZOR_EX_PU_AI_CIV,4,2,0,"2,2,0,0","2,2",2,1,1,1,1,1,2,1,1,1
MISC_RAZOR_EX_PU_AI_CRIM,4,2,0,"2,2,0,0","2,2",2,1,1,1,1,1,2,1,1,1
ANVL_CARRACK_PU_AI_CIV_DEF,10,0,8,"0,0,0,0,0,0,0,0,0,0",,0,0,,0,0,0,0,0,0,0
DRAK_CUTLASS_BLACK_PU_AI_ADVOCACY_QIG,3,2,1,"3,3,0","3,3",3,0,,0,0,0,0,0,0,0
DRAK_CUTLASS_BLACK_PU_AI_CIV_DEF,3,2,1,"3,3,0","3,3",3,0,,0,0,0,0,0,0,0
DRAK_CUTLASS_BLACK_PU_AI_CRIM_QIG,3,2,1,"3,3,0","3,3",3,1,2,2,0,0,0,0,0,0
DRAK_CUTLASS_BLACK_PU_AI_NT,3,2,1,"3,3,0","3,3",3,1,2,2,0,0,0,0,0,0
DRAK_CUTLASS_BLACK_PU_AI_PIR_QIG,3,2,1,"3,3,0","3,3",3,1,2,2,0,0,0,0,0,0
DRAK_CUTLASS_BLACK_PU_PIRATE_CREWLESS,3,2,1,"3,3,0","3,3",3,1,2,2,0,0,0,0,0,0
DRAK_CUTLASS_BLACK_PU_AI_SEC_CRUSADER_QIG,3,2,1,"3,3,0","3,3",3,0,,0,0,0,0,0,0,0
DRAK_CUTLASS_BLACK_PU_AI_HEADHUNTERS,3,2,1,"3,3,0","3,3",3,0,,0,0,0,0,0,0,0
DRAK_CUTLASS_BLACK_PU_AI_NINETAILS,3,2,1,"3,3,0","3,3",3,0,,0,0,0,0,0,0,0
DRAK_CUTLASS_BLACK_PU_AI_XENOTHREAT,3,2,1,"3,3,0","3,3",3,0,,0,0,0,0,0,0,0
DRAK_CUTLASS_BLACK_PU_AI_CFP,3,2,1,"3,3,0","3,3",3,0,,0,0,0,0,0,0,0
DRAK_CUTLASS_RED_PU_AI_CIV_DEF,1,0,1,4,,4,0,,0,0,0,0,0,0,0
AEGS_IDRIS_M_PU_GAMEMASTER,14,14,0,"6,6,5,5,5,5,5,5,5,5,5,5,5,5","6,6,5,5,5,5,5,5,5,5,5,5,5,5",6,2,"4,4",4,2,4,2,4,1,4
AEGS_IDRIS_M_PU_INVICTUS,14,14,0,"6,6,5,5,5,5,5,5,5,5,5,5,5,5","6,6,5,5,5,5,5,5,5,5,5,5,5,5",6,2,"4,4",4,2,4,2,4,1,4
AEGS_IDRIS_M_PU_AI_UEE,14,14,0,"6,6,5,5,5,5,5,5,5,5,5,5,5,5","6,6,5,5,5,5,5,5,5,5,5,5,5,5",6,2,"4,4",4,2,4,2,4,1,4
AEGS_IDRIS_M_PU_AI_NT,14,14,0,"6,6,5,5,5,5,5,5,5,5,5,5,5,5","6,6,5,5,5,5,5,5,5,5,5,5,5,5",6,2,"4,4",4,2,4,2,4,1,4
AEGS_IDRIS_M_PU_AI_XENOTHREAT,14,14,0,"6,6,5,5,5,5,5,5,5,5,5,5,5,5","6,6,5,5,5,5,5,5,5,5,5,5,5,5",6,2,"4,4",4,2,4,2,4,1,4
AEGS_IDRIS_P_PU_AI_UEE,16,16,0,"5,5,5,5,5,5,5,5,5,5,5,5,5,5,5,5","5,5,5,5,5,5,5,5,5,5,5,5,5,5,5,5",5,2,"4,4",4,2,4,2,4,1,4
AEGS_IDRIS_P_PU_AI_CRIM,16,16,0,"5,5,5,5,5,5,5,5,5,5,5,5,5,5,5,5","5,5,5,5,5,5,5,5,5,5,5,5,5,5,5,5",5,2,"4,4",4,2,4,2,4,1,4
AEGS_IDRIS_P_FW_25,16,16,0,"5,5,5,5,5,5,5,5,5,5,5,5,5,5,5,5","5,5,5,5,5,5,5,5,5,5,5,5,5,5,5,5",5,2,"4,4",4,2,4,2,4,1,4
MISC_STARFARER_AI_CIV_SHIPBOARDED,5,0,1,"0,0,0,0,0",,0,3,"3,3,3",3,2,3,2,3,1,3
DRAK_HERALD_PU_AI_CIV_FTL,3,3,0,"3,2,2","3,2,2",3,0,,0,0,0,0,0,0,0
RSI_SCORPIUS_PU_AI_CRIM_DISTORTION,5,4,0,"3,3,3,3,0","3,3,3,3",3,1,2,2,2,1,2,1,1,1
RSI_SCORPIUS_ANTARES_UNMANNED_SALVAGE,6,4,1,"3,3,3,3,0,0","3,3,3,3",3,1,2,2,3,1,2,1,1,1
RSI_SCORPIUS_ANTARES_PU_AI_CRIM,6,4,1,"3,3,3,3,0,0","3,3,3,3",3,1,2,2,3,1,2,1,1,1
RSI_SCORPIUS_ANTARES_PU_AI_CIV,6,4,1,"3,3,3,3,0,0","3,3,3,3",3,1,2,2,3,1,2,1,1,1
CNOU_NOMAD_PU_AI_CIV_DEF,6,3,1,"3,3,3,0,0,0","3,3,3",3,3,"1,1,1",1,0,0,0,0,1,1
MISC_HULL_A_PU_AI_CIV_DEF,2,0,1,"5,0",,5,1,2,2,1,1,2,1,1,1
CRUS_STARLIFTER_A2_UNMANNED_SALVAGE,7,2,1,"5,5,0,0,0,0,0","5,5",5,0,,0,0,0,0,0,0,0
CRUS_STARLIFTER_A2_PU_AI_CIV,7,2,1,"5,5,0,0,0,0,0","5,5",5,0,,0,0,0,0,0,0,0
CRUS_STARLIFTER_A2_PU_AI_CRIM,7,2,1,"5,5,0,0,0,0,0","5,5",5,0,,0,0,0,0,0,0,0
CRUS_STARLIFTER_M2_UNMANNED_SALVAGE,6,2,0,"5,5,0,0,0,0","5,5",5,0,,0,0,0,2,3,1,3
CRUS_STARLIFTER_M2_PU_AI_CRIM,6,2,0,"5,5,0,0,0,0","5,5",5,0,,0,0,0,2,3,1,3
CRUS_STARLIFTER_M2_PU_AI_CIV,6,2,0,"5,5,0,0,0,0","5,5",5,0,,0,0,0,2,3,1,3
ORIG_400I_PU_AI_CIV_DEF,3,2,0,"4,4,0","4,4",4,1,3,3,2,2,2,2,1,2
MRAI_GUARDIAN_QI_PU_AI_CIV,3,2,0,"5,5,0","5,5",5,0,,0,0,0,0,0,0,0
MRAI_GUARDIAN_QI_PU_AI_CRIM,3,2,0,"5,5,0","5,5",5,0,,0,0,0,0,0,0,0
MRAI_GUARDIAN_MX_AI_CRIM,5,4,0,"4,4,4,4,0","4,4,4,4",4,0,,0,0,0,0,0,0,0
MRAI_GUARDIAN_MX_AI_CIV,5,4,0,"4,4,4,4,0","4,4,4,4",4,0,,0,0,0,0,0,0,0
RSI_ZEUS_CL_PU_AI_CRIM,5,4,1,"4,4,3,3,3","4,4,3,3",4,3,"2,2,2",2,0,0,0,0,0,0
RSI_ZEUS_CL_PU_AI_CIV,5,4,1,"4,4,3,3,3","4,4,3,3",4,3,"2,2,2",2,0,0,0,0,0,0
ANVL_ARROW_PU_AI_CRIM_DISTORTION,4,2,0,"3,3,0,0","3,3",3,1,1,1,1,1,2,1,1,1
RSI_CONSTELLATION_TAURUS_PU_AI_CIV_DEF,12,4,3,"5,5,5,5,0,0,0,0,0,0,0,0","5,5,5,5",5,1,3,3,2,2,2,2,1,2
RSI_CONSTELLATION_PHOENIX_PU_AI_CIV_DEF,12,4,3,"5,5,5,5,0,0,0,0,0,0,0,0","5,5,5,5",5,1,3,3,2,2,2,2,1,2
RSI_CONSTELLATION_ANDROMEDA_PU_AI_NT_QIG,12,4,3,"5,5,5,5,0,0,0,0,0,0,0,0","5,5,5,5",5,1,3,3,2,2,2,2,1,2
RSI_CONSTELLATION_ANDROMEDA_PU_AI_SEC_CRUSADER_QIG,12,4,3,"5,5,5,5,0,0,0,0,0,0,0,0","5,5,5,5",5,1,3,3,2,2,2,2,1,2
RSI_CONSTELLATION_ANDROMEDA_PU_AI_SEC_BLACJAC_QIG,12,4,3,"5,5,5,5,0,0,0,0,0,0,0,0","5,5,5,5",5,1,3,3,2,2,2,2,1,2
AEGS_JAVELIN_PU_AI_UEE_FLEETWEEK_2021,56,0,30,"0,0,0,0,0,0,0,0,0,0,0,0,0,0,0,0,0,0,0,0,0,0,0,0,0,0,0,0,0,0,0,0,0,0,0,0,0,0,0,0,0,0,0,0,0,0,0,0,0,0,0,0,0,0,0,0",,0,4,"4,4,4,4",4,4,4,4,4,1,4
MISC_FREELANCER_MAX_PU_AI_CIV_DEF,9,0,1,"0,0,0,0,0,0,0,0,0",,0,3,"2,2,2",2,2,2,2,2,1,2
MISC_FREELANCER_PU_AI_CIV_DEF,9,0,1,"0,0,0,0,0,0,0,0,0",,0,3,"2,2,2",2,2,2,2,2,1,2
MISC_FREELANCER_DUR_PU_AI_CIV_DEF,9,0,1,"0,0,0,0,0,0,0,0,0",,0,3,"2,2,2",2,2,2,2,2,1,2
DRAK_BUCCANEER_PU_AI_NT,0,0,0,,,0,1,1,1,1,1,2,1,1,1
DRAK_BUCCANEER_PU_AI_CRIM_SCATTERGUN,2,0,0,"0,0",,0,1,1,1,1,1,2,1,1,1
RSI_BENGAL_PU_AI_UEE_FLEETWEEK_2021,0,0,0,,,0,1,4,4,10,4,10,4,1,4
AEGS_HAMMERHEAD_PU_AI_NT_QIG,24,24,0,"4,4,4,4,4,4,4,4,4,4,4,4,4,4,4,4,4,4,4,4,4,4,4,4","4,4,4,4,4,4,4,4,4,4,4,4,4,4,4,4,4,4,4,4,4,4,4,4",4,2,"3,3",3,2,3,2,3,1,3
AEGS_AVENGER_TITAN_RENEGADE_PU_AI_CIV,5,3,0,"4,3,3,0,0","4,3,3",4,2,"1,1",1,1,1,2,1,1,1
AEGS_AVENGER_TITAN_RENEGADE_PU_AI_CRIM,5,3,0,"4,3,3,0,0","4,3,3",4,2,"1,1",1,1,1,2,1,1,1
AEGS_AVENGER_TITAN_RENEGADE_UNMANNED_FF,5,3,0,"4,3,3,0,0","4,3,3",4,2,"1,1",1,1,1,2,1,1,1
AEGS_AVENGER_TITAN_RENEGADE_UNMANNED_SALVAGE,5,3,0,"4,3,3,0,0","4,3,3",4,2,"1,1",1,1,1,2,1,1,1
ANVL_HORNET_F7A_MK1_PU_AI_UEE,0,0,0,,,0,2,"1,1",1,1,2,2,1,1,1
ANVL_HORNET_F7A_MK1_PU_AI_FF,0,0,0,,,0,2,"1,1",1,1,2,2,1,1,1
ANVL_HORNET_F7CM_AI_EA_ADVOCACY,4,2,2,"5,3,3,3","3,3",5,2,"1,1",1,1,1,2,1,1,1
ANVL_HORNET_F7A_PU_AI_UEE,8,2,2,"5,4,4,3,0,0,0,0","4,4",5,2,"1,1",1,1,2,2,1,1,1
DRAK_CORSAIR_PU_AI_CIV_DEF,12,8,0,"5,5,2,2,2,2,2,2,0,0,0,0","2,2,2,2,5,5,2,2",5,0,,0,0,0,0,0,0,0
ESPR_PROWLER_AI_EA_SUPREME_SPAWN,21,4,0,"5,5,5,3,3,0,0,0,0,0,0,0,0,0,0,0,0,0,0,0,0","5,5,3,3",5,2,"2,2",2,1,2,2,2,1,2
RSI_POLARIS_PU_AI_FF_BOYD,18,0,8,"0,0,0,0,0,0,0,0,0,0,0,0,0,0,0,0,0,0",,0,1,4,4,2,4,1,4,1,3
ORIG_M50_PU_AI_NT,4,2,0,"2,2,0,0","2,2",2,1,1,1,1,1,2,1,1,1
CRUS_STAR_RUNNER_PU_AI_CIV_DEF,6,4,2,"3,3,3,3,0,0","3,3,3,3",3,0,,0,0,0,0,0,0,0
RSI_AURORA_LN_PU_AI_NT,4,4,0,"1,1,1,1","1,1,1,1",1,0,,0,0,0,0,0,0,0
ORIG_600I_PU_AI_CIV_DEF,5,3,0,"5,5,5,0,0","5,5,5",5,2,"3,3",3,1,3,2,3,1,2
MISC_RELIANT_MAKO_PU_AI_CRIM,4,0,0,"0,0,0,0",,0,2,"1,1",1,1,1,2,1,1,1
MISC_RELIANT_MAKO_PU_AI_CIV,4,0,0,"0,0,0,0",,0,2,"1,1",1,1,1,2,1,1,1
MISC_RELIANT_SEN_PU_AI_CIV,4,0,0,"0,0,0,0",,0,2,"1,1",1,1,1,2,1,1,1
MISC_RELIANT_SEN_PU_AI_CRIM,4,0,0,"0,0,0,0",,0,2,"1,1",1,1,1,2,1,1,1
MISC_RELIANT_TANA_PU_AI_CIV,7,0,0,"0,0,0,0,0,0,0",,0,2,"1,1",1,1,1,2,1,1,1
MISC_RELIANT_TANA_PU_AI_CRIM,7,0,0,"0,0,0,0,0,0,0",,0,2,"1,1",1,1,1,2,1,1,1
AEGS_RECLAIMER_AI_CIV_SHIPBOARDED,6,0,4,"0,0,0,0,0,0",,0,1,4,4,1,4,1,4,1,3
AEGS_RECLAIMER_PU_AI_CIV_DEF,6,0,4,"0,0,0,0,0,0",,0,1,4,4,1,4,1,4,1,3
MISC_PROSPECTOR_PU_AI_CIV_DEF,2,2,0,"1,1","1,1",1,3,"1,1,1",1,1,2,1,2,1,1
MISC_PROSPECTOR_PU_AI_NT_NONLETHAL,2,2,0,"1,1","1,1",1,3,"1,1,1",1,1,2,1,2,1,1
CNOU_MUSTANG_DELTA_PU_AI_NT,3,2,1,"3,2,2","2,2",3,2,"1,1",1,1,1,2,1,1,1
CRUS_STARFIGHTER_INFERNO_UNMANNED_SALVAGE,2,0,0,"0,0",,0,2,"2,2",2,2,2,3,2,1,2
CRUS_STARFIGHTER_INFERNO_PU_AI_CIV,2,0,0,"0,0",,0,2,"2,2",2,2,2,3,2,1,2
CRUS_STARFIGHTER_INFERNO_PU_AI_FF,2,0,0,"0,0",,0,2,"2,2",2,2,2,3,2,1,2
CRUS_STARFIGHTER_INFERNO_PU_AI_CRIM,2,0,0,"0,0",,0,2,"2,2",2,2,2,3,2,1,2
DRAK_VULTURE_PU_AI_CIV_DEF,3,2,0,"1,1,0","1,1",1,3,"1,1,1",1,2,1,2,1,1,1
AEGS_VANGUARD_SENTINEL_UNMANNED_SALVAGE,14,1,2,"5,0,0,0,0,0,0,0,0,0,0,0,0,0",5,5,2,"2,2",2,1,2,2,2,1,2
AEGS_VANGUARD_SENTINEL_PU_AI_CRIM,14,1,2,"5,0,0,0,0,0,0,0,0,0,0,0,0,0",5,5,2,"2,2",2,1,2,2,2,1,2
AEGS_VANGUARD_SENTINEL_PU_AI_CIV,14,1,2,"5,0,0,0,0,0,0,0,0,0,0,0,0,0",5,5,2,"2,2",2,1,2,2,2,1,2
DRAK_CATERPILLAR_AI_CIV_SHIPBOARDED,11,7,2,"5,4,4,4,4,3,3,0,0,0,0","3,3,5,4,4,4,4",5,3,"3,3,3",3,3,3,2,3,1,3
DRAK_CATERPILLAR_AI_NT_SHIPBOARDED,11,7,2,"5,4,4,4,4,3,3,0,0,0,0","3,3,5,4,4,4,4",5,3,"3,3,3",3,3,3,2,3,1,3
DRAK_CATERPILLAR_PU_AI_CIV_DEF,11,7,2,"5,4,4,4,4,3,3,0,0,0,0","3,3,5,4,4,4,4",5,3,"3,3,3",3,3,3,2,3,1,3
ANVL_VALKYRIE_AI_PU_AI_CFP,35,2,11,"3,3,3,0,0,0,0,0,0,0,0,0,0,0,0,0,0,0,0,0,0,0,0,0,0,0,0,0,0,0,0,0,0,0,0","3,3",3,4,"2,2,2,2",2,2,2,2,2,1,2
ANVL_VALKYRIE_AI_PU_AI_XENOTHREAT,35,2,11,"3,3,3,0,0,0,0,0,0,0,0,0,0,0,0,0,0,0,0,0,0,0,0,0,0,0,0,0,0,0,0,0,0,0,0","3,3",3,4,"2,2,2,2",2,2,2,2,2,1,2
ANVL_VALKYRIE_AI_PU_AI_HEADHUNTERS,35,2,11,"3,3,3,0,0,0,0,0,0,0,0,0,0,0,0,0,0,0,0,0,0,0,0,0,0,0,0,0,0,0,0,0,0,0,0","3,3",3,4,"2,2,2,2",2,2,2,2,2,1,2
ANVL_VALKYRIE_AI_PU_AI_NINETAILS,35,2,11,"3,3,3,0,0,0,0,0,0,0,0,0,0,0,0,0,0,0,0,0,0,0,0,0,0,0,0,0,0,0,0,0,0,0,0","3,3",3,4,"2,2,2,2",2,2,2,2,2,1,2
ANVL_VALKYRIE_AI_EA_ADVOCACY,35,2,11,"3,3,3,0,0,0,0,0,0,0,0,0,0,0,0,0,0,0,0,0,0,0,0,0,0,0,0,0,0,0,0,0,0,0,0","3,3",3,4,"2,2,2,2",2,2,2,2,2,1,2
ANVL_VALKYRIE_PU_AI_NT,35,2,11,"3,3,3,0,0,0,0,0,0,0,0,0,0,0,0,0,0,0,0,0,0,0,0,0,0,0,0,0,0,0,0,0,0,0,0","3,3",3,4,"2,2,2,2",2,2,2,2,2,1,2
DRAK_CUTLASS_BLACK_PU_AI_NT_REINFORCEMENTS,3,2,1,"3,3,0","3,3",3,1,2,2,0,0,0,0,0,0
DRAK_CUTLASS_BLACK_PU_AI_NT_QIG,3,2,1,"3,3,0","3,3",3,1,2,2,0,0,0,0,0,0
AEGS_IDRIS_M_PU_AI_GENCRIM_BOARDEDCOMBAT,14,14,0,"6,6,5,5,5,5,5,5,5,5,5,5,5,5","6,6,5,5,5,5,5,5,5,5,5,5,5,5",6,2,"4,4",4,2,4,2,4,1,4
AEGS_IDRIS_M_PU_AI_NT_NOINTERIOR,14,14,0,"6,6,5,5,5,5,5,5,5,5,5,5,5,5","6,6,5,5,5,5,5,5,5,5,5,5,5,5",6,2,"4,4",4,2,4,2,4,1,4
AEGS_IDRIS_M_PU_AI_XENOTHREAT_BOARDEDCOMBAT,14,14,0,"6,6,5,5,5,5,5,5,5,5,5,5,5,5","6,6,5,5,5,5,5,5,5,5,5,5,5,5",6,2,"4,4",4,2,4,2,4,1,4
AEGS_IDRIS_M_PU_AI_UEE_NOINTERIOR,14,14,0,"6,6,5,5,5,5,5,5,5,5,5,5,5,5","6,6,5,5,5,5,5,5,5,5,5,5,5,5",6,2,"4,4",4,2,4,2,4,1,4
AEGS_IDRIS_M_PU_AI_XENOTHREAT_NONEBOARDED,14,14,0,"6,6,5,5,5,5,5,5,5,5,5,5,5,5","6,6,5,5,5,5,5,5,5,5,5,5,5,5",6,2,"4,4",4,2,4,2,4,1,4
MISC_STARFARER_AI_CIV_SHIPBOARDED_NOCARGOGRIDMARKUP,5,0,1,"0,0,0,0,0",,0,3,"3,3,3",3,2,3,2,3,1,3
CRUS_STARLIFTER_M2_PU_AI_CIV_DEF,6,2,0,"5,5,0,0,0,0","5,5",5,0,,0,0,0,2,3,1,3
RSI_ZEUS_CL_PU_AI_CIV_DEF,5,4,1,"4,4,3,3,3","4,4,3,3",4,3,"2,2,2",2,0,0,0,0,0,0
ANVL_HORNET_F7CM_AI_EA_ADVOCACY_STUNT,4,2,2,"5,3,3,3","3,3",5,2,"1,1",1,1,1,2,1,1,1
AEGS_RECLAIMER_AI_CIV_SHIPBOARDED_NOCARGO,6,0,4,"0,0,0,0,0,0",,0,1,4,4,1,4,1,4,1,3
DRAK_CATERPILLAR_AI_CIV_SHIPBOARDED_HALFCARGOMARKUP,11,7,2,"5,4,4,4,4,3,3,0,0,0,0","3,3,5,4,4,4,4",5,3,"3,3,3",3,3,3,2,3,1,3
DRAK_CATERPILLAR_AI_CIV_SHIPBOARDED_NOCARGOMARKUP,11,7,2,"5,4,4,4,4,3,3,0,0,0,0","3,3,5,4,4,4,4",5,3,"3,3,3",3,3,3,2,3,1,3
DRAK_CATERPILLAR_AI_NT_SHIPBOARDED_NOCARGOMARKUP,11,7,2,"5,4,4,4,4,3,3,0,0,0,0","3,3,5,4,4,4,4",5,3,"3,3,3",3,3,3,2,3,1,3
DRAK_CATERPILLAR_AI_NT_SHIPBOARDED_HALFCARGOMARKUP,11,7,2,"5,4,4,4,4,3,3,0,0,0,0","3,3,5,4,4,4,4",5,3,"3,3,3",3,3,3,2,3,1,3
ANVL_VALKYRIE_AI_EA_ADVOCACY_SPAWN,35,2,11,"3,3,3,0,0,0,0,0,0,0,0,0,0,0,0,0,0,0,0,0,0,0,0,0,0,0,0,0,0,0,0,0,0,0,0","3,3",3,4,"2,2,2,2",2,2,2,2,2,1,2
ANVL_VALKYRIE_PU_AI_NT_QIG,35,2,11,"3,3,3,0,0,0,0,0,0,0,0,0,0,0,0,0,0,0,0,0,0,0,0,0,0,0,0,0,0,0,0,0,0,0,0","3,3",3,4,"2,2,2,2",2,2,2,2,2,1,2
ANVL_HORNET_F7CM_AI_EA_ADVOCACY_STUNT_LEADER,4,2,2,"5,3,3,3","3,3",5,2,"1,1",1,1,1,2,1,1,1
